CREATE DATABASE  IF NOT EXISTS `oneiot` /*!40100 DEFAULT CHARACTER SET utf8 COLLATE utf8_bin */;
USE `oneiot`;
-- MySQL dump 10.13  Distrib 5.5.58, for debian-linux-gnu (x86_64)
--
-- Host: 192.168.204.26    Database: oneiot
-- ------------------------------------------------------
-- Server version	5.6.21

/*!40101 SET @OLD_CHARACTER_SET_CLIENT=@@CHARACTER_SET_CLIENT */;
/*!40101 SET @OLD_CHARACTER_SET_RESULTS=@@CHARACTER_SET_RESULTS */;
/*!40101 SET @OLD_COLLATION_CONNECTION=@@COLLATION_CONNECTION */;
/*!40101 SET NAMES utf8 */;
/*!40103 SET @OLD_TIME_ZONE=@@TIME_ZONE */;
/*!40103 SET TIME_ZONE='+00:00' */;
/*!40014 SET @OLD_UNIQUE_CHECKS=@@UNIQUE_CHECKS, UNIQUE_CHECKS=0 */;
/*!40014 SET @OLD_FOREIGN_KEY_CHECKS=@@FOREIGN_KEY_CHECKS, FOREIGN_KEY_CHECKS=0 */;
/*!40101 SET @OLD_SQL_MODE=@@SQL_MODE, SQL_MODE='NO_AUTO_VALUE_ON_ZERO' */;
/*!40111 SET @OLD_SQL_NOTES=@@SQL_NOTES, SQL_NOTES=0 */;

--
-- Table structure for table `data_point`
--

DROP TABLE IF EXISTS `data_point`;
/*!40101 SET @saved_cs_client     = @@character_set_client */;
/*!40101 SET character_set_client = utf8 */;
CREATE TABLE `data_point` (
  `id` bigint(20) DEFAULT NULL,
  `product_id` bigint(20) DEFAULT NULL,
  `model_id` bigint(20) DEFAULT NULL,
  `name` varchar(500) COLLATE utf8mb4_unicode_ci DEFAULT NULL,
  `description` varchar(500) COLLATE utf8mb4_unicode_ci DEFAULT NULL,
  `unit_name` varchar(500) COLLATE utf8mb4_unicode_ci DEFAULT NULL,
  `unit_sign` varchar(500) COLLATE utf8mb4_unicode_ci DEFAULT NULL,
  `frequency` int(11) DEFAULT NULL,
  `type` tinyint(4) DEFAULT NULL,
  `length` int(11) DEFAULT NULL,
  `create_by` bigint(20) DEFAULT NULL,
  `create_date` varchar(500) COLLATE utf8mb4_unicode_ci DEFAULT NULL,
  `update_by` bigint(20) DEFAULT NULL,
  `update_date` varchar(500) COLLATE utf8mb4_unicode_ci DEFAULT NULL,
  `type_value` varchar(500) COLLATE utf8mb4_unicode_ci DEFAULT NULL
) ENGINE=InnoDB DEFAULT CHARSET=utf8mb4 COLLATE=utf8mb4_unicode_ci;
/*!40101 SET character_set_client = @saved_cs_client */;

--
-- Dumping data for table `data_point`
--

LOCK TABLES `data_point` WRITE;
/*!40000 ALTER TABLE `data_point` DISABLE KEYS */;
INSERT INTO `data_point` VALUES (1,3,1,'temp','温度','摄氏度','℃',3,0,NULL,2,'2018-01-21 17:13:09',2,'2018-01-21 17:13:09',NULL),(2,3,1,'pressure','压力','帕斯卡','Pa',3,0,NULL,2,'2018-01-21 17:13:09',2,'2018-01-21 17:13:09',NULL),(4,1,1,'weight','重量','牛顿','N',3,0,2,3,'2018-01-30 15:35:20',3,'2018-01-30 15:35:20',NULL),(7,78,2,'voltage','电压','伏特','V',3,1,NULL,2,'2018-02-03 10:30:33',NULL,NULL,NULL),(8,78,2,'current','电流','安培','A',5,1,NULL,2,'2018-02-03 10:30:33',NULL,NULL,NULL),(11,80,4,'voltage','电压','伏特','V',3,1,NULL,2,'2018-02-03 13:22:52',NULL,NULL,NULL),(12,80,4,'current','电流','安培','A',5,1,NULL,2,'2018-02-03 13:22:52',NULL,NULL,NULL),(13,81,5,'voltage','电压','伏特','V',3,1,NULL,2,'2018-02-03 13:25:18',NULL,NULL,NULL),(14,81,5,'current','电流','安培','A',5,1,NULL,2,'2018-02-03 13:25:18',NULL,NULL,NULL),(17,83,7,'voltage','电压','伏特','V',3,1,NULL,2,'2018-02-03 13:50:25',NULL,NULL,NULL),(18,83,7,'current','电流','安培','A',5,1,NULL,2,'2018-02-03 13:50:25',NULL,NULL,NULL),(21,85,9,'voltage','电压','伏特','V',3,1,NULL,2,'2018-02-03 13:54:16',NULL,NULL,NULL),(22,85,9,'current','电流','安培','A',5,1,NULL,2,'2018-02-03 13:54:16',NULL,NULL,NULL),(25,87,11,'voltage','电压','伏特','V',3,1,NULL,2,'2018-02-03 14:18:15',NULL,NULL,NULL),(26,87,11,'current','电流','安培','A',5,1,NULL,2,'2018-02-03 14:18:15',NULL,NULL,NULL),(31,90,14,'voltage','电压','伏特','V',3,1,NULL,2,'2018-02-03 14:26:59',NULL,NULL,NULL),(32,90,14,'current','电流','安培','A',5,1,NULL,2,'2018-02-03 14:26:59',NULL,NULL,NULL),(33,91,15,'voltage','电压','伏特','V',3,1,NULL,2,'2018-02-03 14:41:27',NULL,NULL,NULL),(34,91,15,'current','电流','安培','A',5,4,NULL,2,'2018-02-03 14:41:28',NULL,NULL,NULL),(47,98,22,'voltage','电压','伏特','V',3,1,NULL,2,'2018-02-03 14:55:34',NULL,NULL,NULL),(48,98,22,'current','电流','安培','A',5,4,NULL,2,'2018-02-03 14:55:34',NULL,NULL,NULL),(51,100,24,'voltage','电压','伏特','V',3,1,NULL,2,'2018-02-03 15:08:58',NULL,NULL,NULL),(52,100,24,'current','电流','安培','A',5,4,NULL,2,'2018-02-03 15:08:58',NULL,NULL,NULL),(53,101,25,'voltage','电压','伏特','V',3,1,NULL,2,'2018-02-03 15:10:57',NULL,NULL,NULL),(54,101,25,'current','电流','安培','A',5,4,NULL,2,'2018-02-03 15:10:57',NULL,NULL,NULL),(55,102,26,'voltage','电压','伏特','V',3,1,NULL,2,'2018-02-03 15:11:11',NULL,NULL,NULL),(56,102,26,'current','电流','安培','A',5,4,NULL,2,'2018-02-03 15:11:11',NULL,NULL,NULL),(57,103,27,'voltage','电压','伏特','V',3,1,NULL,2,'2018-02-03 15:13:46',NULL,NULL,NULL),(58,103,27,'current','电流','安培','A',5,4,NULL,2,'2018-02-03 15:13:46',NULL,NULL,NULL),(65,110,34,'voltage','电压','伏特','V',3,1,NULL,2,'2018-02-03 15:24:13',NULL,NULL,NULL),(66,110,34,'current','电流','安培','A',5,4,NULL,2,'2018-02-03 15:24:14',NULL,NULL,NULL),(67,111,35,'voltage','电压','伏特','V',3,1,NULL,2,'2018-02-03 15:25:57',NULL,NULL,NULL),(68,111,35,'current','电流','安培','A',5,4,NULL,2,'2018-02-03 15:25:57',NULL,NULL,NULL),(69,112,36,'voltage','电压','伏特','V',3,1,NULL,2,'2018-02-03 15:27:29',NULL,NULL,NULL),(70,112,36,'current','电流','安培','A',5,4,NULL,2,'2018-02-03 15:27:29',NULL,NULL,NULL),(71,113,37,'voltage','电压','伏特','V',3,1,NULL,2,'2018-02-03 17:19:38',NULL,NULL,NULL),(72,113,37,'current','电流','安培','A',5,4,NULL,2,'2018-02-03 17:19:39',NULL,NULL,NULL),(73,114,38,'voltage','电压','伏特','V',3,1,NULL,2,'2018-02-03 17:19:59',NULL,NULL,NULL),(74,114,38,'current','电流','安培','A',5,4,NULL,2,'2018-02-03 17:19:59',NULL,NULL,NULL),(75,115,39,'voltage','电压','伏特','V',3,1,NULL,2,'2018-02-03 17:22:48',NULL,NULL,NULL),(76,115,39,'current','电流','安培','A',5,4,NULL,2,'2018-02-03 17:22:48',NULL,NULL,NULL),(77,116,40,'voltage','电压','伏特','V',3,1,NULL,2,'2018-02-03 18:06:25',NULL,NULL,NULL),(78,116,40,'current','电流','安培','A',5,1,NULL,2,'2018-02-03 18:06:25',NULL,NULL,NULL),(79,117,41,'voltage','电压','伏特','V',3,1,NULL,0,'2018-02-03 20:07:11',NULL,NULL,NULL),(80,117,41,'current','电流','安培','A',5,1,NULL,0,'2018-02-03 20:07:11',NULL,NULL,NULL),(81,118,42,'voltage','电压','伏特','V',3,1,NULL,0,'2018-02-03 20:08:28',NULL,NULL,NULL),(82,118,42,'current','电流','安培','A',5,1,NULL,0,'2018-02-03 20:08:28',NULL,NULL,NULL),(83,119,43,'chswd','出回水温度','摄氏度','℃',60,1,2,0,'2018-02-03 20:49:28',NULL,NULL,NULL),(84,119,43,'chsy','出回水压力','兆帕','MPa',60,1,2,0,'2018-02-03 20:49:28',NULL,NULL,NULL),(85,119,43,'chsll','出回水流量','吨/小时','t/h',60,1,2,0,'2018-02-03 20:49:28',NULL,NULL,NULL),(86,119,43,'pywd','排烟温度','摄氏度','℃',60,1,2,0,'2018-02-03 20:49:28',NULL,NULL,NULL),(87,119,43,'mbwd','目标温度','摄氏度','℃',60,1,2,0,'2018-02-03 20:49:29',NULL,NULL,NULL),(88,119,43,'tlwd','停炉温度','摄氏度','℃',60,1,2,0,'2018-02-03 20:49:29',NULL,NULL,NULL),(89,119,43,'zdzt','终端状态','','',60,5,NULL,0,'2018-02-03 20:49:29',NULL,NULL,NULL),(90,119,43,'rszt','燃烧状态','','',60,5,NULL,0,'2018-02-03 20:49:29',NULL,NULL,NULL),(91,119,43,'bjzt','报警状态','','',60,5,NULL,0,'2018-02-03 20:49:29',NULL,NULL,NULL),(99,121,45,'chswd','出回水温度','摄氏度','℃',60,1,NULL,0,'2018-02-03 20:58:16',NULL,NULL,NULL),(100,121,45,'chsy','出回水压力','兆帕','MPa',60,1,NULL,0,'2018-02-03 20:58:16',NULL,NULL,NULL),(101,121,45,'chsll','出回水流量','吨/小时','t/h',60,1,NULL,0,'2018-02-03 20:58:16',NULL,NULL,NULL),(102,121,45,'pywd','排烟温度','摄氏度','℃',60,1,NULL,0,'2018-02-03 20:58:16',NULL,NULL,NULL),(103,121,45,'qlwd','启炉温度','摄氏度','℃',60,1,NULL,0,'2018-02-03 20:58:16',NULL,NULL,NULL),(104,121,45,'mbwd','目标温度','摄氏度','℃',60,1,NULL,0,'2018-02-03 20:58:16',NULL,NULL,NULL),(105,121,45,'tlwd','停炉温度','摄氏度','℃',60,1,NULL,0,'2018-02-03 20:58:16',NULL,NULL,NULL),(106,121,45,'zdzt','终端状态','','',60,5,NULL,0,'2018-02-03 20:58:16',NULL,NULL,NULL),(107,121,45,'rszt','燃烧状态','','',60,5,NULL,0,'2018-02-03 20:58:16',NULL,NULL,NULL),(108,121,45,'bjzt','报警状态','','',60,5,NULL,0,'2018-02-03 20:58:17',NULL,NULL,NULL),(109,122,46,'chswd','出回水温度','摄氏度','℃',60,1,2,0,'2018-02-03 20:59:49',NULL,NULL,NULL),(110,122,46,'chsyl','出回水压力','兆帕','MPa',60,1,2,0,'2018-02-03 20:59:49',NULL,NULL,NULL),(111,122,46,'chsll','出回水流量','吨/小时','t/h',60,1,2,0,'2018-02-03 20:59:49',NULL,NULL,NULL),(112,122,46,'pywd','排烟温度','摄氏度','℃',60,1,2,0,'2018-02-03 20:59:49',NULL,NULL,NULL),(113,122,46,'qlwd','启炉温度','摄氏度','℃',60,1,2,0,'2018-02-03 20:59:49',NULL,NULL,NULL),(114,122,46,'mbwd','目标温度','摄氏度','℃',60,1,2,0,'2018-02-03 20:59:49',NULL,NULL,NULL),(115,122,46,'tlwd','停炉温度','摄氏度','℃',60,1,2,0,'2018-02-03 20:59:49',NULL,NULL,NULL),(116,122,46,'zdzt','终端状态','','',60,5,NULL,0,'2018-02-03 20:59:49',NULL,NULL,NULL),(117,122,46,'rszt','燃烧状态','','',60,5,NULL,0,'2018-02-03 20:59:49',NULL,NULL,NULL),(118,122,46,'bjzt','报警状态','','',60,5,NULL,0,'2018-02-03 20:59:49',NULL,NULL,NULL),(119,123,47,'zqyl','蒸汽压力','兆帕','MPa',60,1,2,0,'2018-02-03 21:05:31',NULL,NULL,NULL),(120,123,47,'zqwd','蒸汽温度','摄氏度','℃',60,1,2,0,'2018-02-03 21:05:31',NULL,NULL,NULL),(121,123,47,'zqssll','蒸汽瞬时流量','吨/小时','t/h',60,1,2,0,'2018-02-03 21:05:31',NULL,NULL,NULL),(122,123,47,'qbsw','汽包水位','毫米','mm',60,1,2,0,'2018-02-03 21:05:31',NULL,NULL,NULL),(123,123,47,'pywd','排烟温度','摄氏度','℃',60,1,2,0,'2018-02-03 21:05:31',NULL,NULL,NULL),(124,123,47,'qlyl','启炉压力','兆帕','MPa',60,1,2,0,'2018-02-03 21:05:31',NULL,NULL,NULL),(125,123,47,'mbyl','目标压力','兆帕','MPa',60,1,2,0,'2018-02-03 21:05:32',NULL,NULL,NULL),(126,123,47,'tlyl','停炉压力','兆帕','MPa',60,1,2,0,'2018-02-03 21:05:32',NULL,NULL,NULL),(127,123,47,'zdzt','终端状态','','',60,5,NULL,0,'2018-02-03 21:05:32',NULL,NULL,NULL),(128,123,47,'rszt','燃烧状态','','',60,5,NULL,0,'2018-02-03 21:05:32',NULL,NULL,NULL),(129,123,47,'bjzt','报警状态','','',60,5,NULL,0,'2018-02-03 21:05:32',NULL,NULL,NULL),(130,124,48,'chswd','出回水温度','摄氏度','℃',60,1,2,0,'2018-02-03 21:15:14',NULL,NULL,NULL),(131,124,48,'chsll','出回水流量','吨/小时','t/h',60,1,2,0,'2018-02-03 21:15:14',NULL,NULL,NULL),(132,124,48,'jqswd','集汽室温度','摄氏度','℃',60,1,2,0,'2018-02-03 21:15:14',NULL,NULL,NULL),(133,124,48,'lswd','炉水温度','摄氏度','℃',60,1,2,0,'2018-02-03 21:15:14',NULL,NULL,NULL),(134,124,48,'lsyl','炉水压力','兆帕','MPa',60,1,2,0,'2018-02-03 21:15:14',NULL,NULL,NULL),(135,124,48,'pywd','排烟温度','摄氏度','℃',60,1,2,0,'2018-02-03 21:15:14',NULL,NULL,NULL),(136,124,48,'qlhc','启炉回差','摄氏度','℃',60,1,2,0,'2018-02-03 21:15:14',NULL,NULL,NULL),(137,124,48,'kzwd','控制温度','摄氏度','℃',60,1,2,0,'2018-02-03 21:15:14',NULL,NULL,NULL),(138,124,48,'tlwd','停炉温度','摄氏度','℃',60,1,2,0,'2018-02-03 21:15:14',NULL,NULL,NULL),(139,124,48,'cstlhc','出水停炉回差','摄氏度','℃',60,1,2,0,'2018-02-03 21:15:14',NULL,NULL,NULL),(140,124,48,'zdzt','终端状态','','',60,5,NULL,0,'2018-02-03 21:15:14',NULL,NULL,NULL),(141,124,48,'rszt','燃烧状态','','',60,5,NULL,0,'2018-02-03 21:15:14',NULL,NULL,NULL),(142,124,48,'bjzt','报警状态','','',60,5,NULL,0,'2018-02-03 21:15:14',NULL,NULL,NULL),(143,125,49,'chswd','出回水温度','摄氏度','℃',60,1,2,0,'2018-02-03 21:19:31',NULL,NULL,NULL),(144,125,49,'chsll','出回水流量','吨/小时','t/h',60,1,2,0,'2018-02-03 21:19:31',NULL,NULL,NULL),(145,125,49,'jqswd','集汽室温度','摄氏度','℃',60,1,2,0,'2018-02-03 21:19:31',NULL,NULL,NULL),(146,125,49,'lswd','炉水温度','摄氏度','℃',60,1,2,0,'2018-02-03 21:19:31',NULL,NULL,NULL),(147,125,49,'lsyl','炉水压力','兆帕','MPa',60,1,2,0,'2018-02-03 21:19:31',NULL,NULL,NULL),(148,125,49,'pywd','排烟温度','摄氏度','℃',60,1,2,0,'2018-02-03 21:19:31',NULL,NULL,NULL),(149,125,49,'qlhc','启炉回差','摄氏度','℃',60,1,2,0,'2018-02-03 21:19:31',NULL,NULL,NULL),(150,125,49,'kzwd','控制温度','摄氏度','℃',60,1,2,0,'2018-02-03 21:19:31',NULL,NULL,NULL),(151,125,49,'tlwd','停炉温度','摄氏度','℃',60,1,2,0,'2018-02-03 21:19:31',NULL,NULL,NULL),(152,125,49,'cstlhc','出水停炉回差','摄氏度','℃',60,1,2,0,'2018-02-03 21:19:31',NULL,NULL,NULL),(153,125,49,'zdzt','终端状态','','',60,5,NULL,0,'2018-02-03 21:19:31',NULL,NULL,NULL),(154,125,49,'rszt','燃烧状态','','',60,5,NULL,0,'2018-02-03 21:19:31',NULL,NULL,NULL),(155,125,49,'bjzt','报警状态','','',60,5,NULL,0,'2018-02-03 21:19:31',NULL,NULL,NULL),(157,3,1,'二次测试的','这是添加二次测试','次','次',5,1,5,0,'2018-02-05 17:01:10',0,'2018-02-05 17:01:10','测试'),(158,126,50,'chswd','出回水温度','摄氏度','℃',60,1,2,0,'2018-02-06 15:28:00',NULL,NULL,NULL),(159,126,50,'chsll','出回水流量','吨/小时','t/h',60,1,2,0,'2018-02-06 15:28:00',NULL,NULL,NULL),(160,126,50,'jqswd','集汽室温度','摄氏度','℃',60,1,2,0,'2018-02-06 15:28:00',NULL,NULL,NULL),(161,126,50,'lswd','炉水温度','摄氏度','℃',60,1,2,0,'2018-02-06 15:28:00',NULL,NULL,NULL),(162,126,50,'lsyl','炉水压力','兆帕','MPa',60,1,2,0,'2018-02-06 15:28:00',NULL,NULL,NULL),(163,126,50,'pywd','排烟温度','摄氏度','℃',60,1,2,0,'2018-02-06 15:28:00',NULL,NULL,NULL),(164,126,50,'qlhc','启炉回差','摄氏度','℃',60,1,2,0,'2018-02-06 15:28:00',NULL,NULL,NULL),(165,126,50,'kzwd','控制温度','摄氏度','℃',60,1,2,0,'2018-02-06 15:28:00',NULL,NULL,NULL),(166,126,50,'tlwd','停炉温度','摄氏度','℃',60,1,2,0,'2018-02-06 15:28:00',NULL,NULL,NULL),(167,126,50,'cstlhc','出水停炉回差','摄氏度','℃',60,1,2,0,'2018-02-06 15:28:00',NULL,NULL,NULL),(168,126,50,'zdzt','终端状态','','',60,5,NULL,0,'2018-02-06 15:28:00',NULL,NULL,NULL),(169,126,50,'rszt','燃烧状态','','',60,5,NULL,0,'2018-02-06 15:28:00',NULL,NULL,NULL),(170,126,50,'bjzt','报警状态','','',60,5,NULL,0,'2018-02-06 15:28:00',NULL,NULL,NULL),(171,127,51,'chswd','出回水温度','摄氏度','℃',60,1,2,0,'2018-02-06 15:31:25',NULL,NULL,NULL),(172,127,51,'chsll','出回水流量','吨/小时','t/h',60,1,2,0,'2018-02-06 15:31:25',NULL,NULL,NULL),(173,127,51,'jqswd','集汽室温度','摄氏度','℃',60,1,2,0,'2018-02-06 15:31:25',NULL,NULL,NULL),(174,127,51,'lswd','炉水温度','摄氏度','℃',60,1,2,0,'2018-02-06 15:31:25',NULL,NULL,NULL),(175,127,51,'lsyl','炉水压力','兆帕','MPa',60,1,2,0,'2018-02-06 15:31:25',NULL,NULL,NULL),(176,127,51,'pywd','排烟温度','摄氏度','℃',60,1,2,0,'2018-02-06 15:31:25',NULL,NULL,NULL),(177,127,51,'qlhc','启炉回差','摄氏度','℃',60,1,2,0,'2018-02-06 15:31:25',NULL,NULL,NULL),(178,127,51,'kzwd','控制温度','摄氏度','℃',60,1,2,0,'2018-02-06 15:31:25',NULL,NULL,NULL),(179,127,51,'tlwd','停炉温度','摄氏度','℃',60,1,2,0,'2018-02-06 15:31:25',NULL,NULL,NULL),(180,127,51,'cstlhc','出水停炉回差','摄氏度','℃',60,1,2,0,'2018-02-06 15:31:25',NULL,NULL,NULL),(181,127,51,'zdzt','终端状态','','',60,5,NULL,0,'2018-02-06 15:31:25',NULL,NULL,NULL),(182,127,51,'rszt','燃烧状态','','',60,5,NULL,0,'2018-02-06 15:31:25',NULL,NULL,NULL),(183,127,51,'bjzt','报警状态','','',60,5,NULL,0,'2018-02-06 15:31:25',NULL,NULL,NULL),(184,128,52,'chswd','出回水温度','摄氏度','℃',60,1,2,0,'2018-02-06 15:35:43',NULL,NULL,NULL),(185,128,52,'chsll','出回水流量','吨/小时','t/h',60,1,2,0,'2018-02-06 15:35:43',NULL,NULL,NULL),(186,128,52,'jqswd','集汽室温度','摄氏度','℃',60,1,2,0,'2018-02-06 15:35:43',NULL,NULL,NULL),(187,128,52,'lswd','炉水温度','摄氏度','℃',60,1,2,0,'2018-02-06 15:35:43',NULL,NULL,NULL),(188,128,52,'lsyl','炉水压力','兆帕','MPa',60,1,2,0,'2018-02-06 15:35:43',NULL,NULL,NULL),(189,128,52,'pywd','排烟温度','摄氏度','℃',60,1,2,0,'2018-02-06 15:35:43',NULL,NULL,NULL),(190,128,52,'qlhc','启炉回差','摄氏度','℃',60,1,2,0,'2018-02-06 15:35:43',NULL,NULL,NULL),(191,128,52,'kzwd','控制温度','摄氏度','℃',60,1,2,0,'2018-02-06 15:35:43',NULL,NULL,NULL),(192,128,52,'tlwd','停炉温度','摄氏度','℃',60,1,2,0,'2018-02-06 15:35:43',NULL,NULL,NULL),(193,128,52,'cstlhc','出水停炉回差','摄氏度','℃',60,1,2,0,'2018-02-06 15:35:43',NULL,NULL,NULL),(194,128,52,'zdzt','终端状态','','',60,5,NULL,0,'2018-02-06 15:35:43',NULL,NULL,NULL),(195,128,52,'rszt','燃烧状态','','',60,5,NULL,0,'2018-02-06 15:35:43',NULL,NULL,NULL),(196,128,52,'bjzt','报警状态','','',60,5,NULL,0,'2018-02-06 15:35:43',NULL,NULL,NULL),(211,122,1,'cassandra','这是用来测试postman和cassandra的','次','哈哈哈',456456,6,10,0,'2018-02-07 11:23:57',0,'2018-02-07 11:23:57','开'),(212,122,1,'cassandra2fdf','这是用来测试postman和cassandra的','次','哈哈哈',456456,6,10,0,'2018-02-07 11:34:23',0,'2018-02-07 11:34:23','开'),(213,130,54,'chswd','出回水温度','摄氏度','℃',60,1,2,0,'2018-02-07 15:41:35',NULL,NULL,NULL),(214,130,54,'chsyl','出回水压力','兆帕','MPa',60,1,2,0,'2018-02-07 15:41:35',NULL,NULL,NULL),(215,130,54,'chsll','出回水流量','吨/小时','t/h',60,1,2,0,'2018-02-07 15:41:35',NULL,NULL,NULL),(216,130,54,'pywd','排烟温度','摄氏度','℃',60,1,2,0,'2018-02-07 15:41:35',NULL,NULL,NULL),(217,130,54,'mbwd','目标温度','摄氏度','℃',60,1,2,0,'2018-02-07 15:41:35',NULL,NULL,NULL),(218,130,54,'tlwd','停炉温度','摄氏度','℃',60,1,2,0,'2018-02-07 15:41:35',NULL,NULL,NULL),(219,130,54,'zdzt','终端状态','','',60,5,NULL,0,'2018-02-07 15:41:35',NULL,NULL,NULL),(220,130,54,'rszt','燃烧状态','','',60,5,NULL,0,'2018-02-07 15:41:35',NULL,NULL,NULL),(221,130,54,'bjzt','报警状态','','',60,5,NULL,0,'2018-02-07 15:41:35',NULL,NULL,NULL),(222,131,55,'zqyl','蒸汽压力','兆帕','MPa',60,1,2,0,'2018-02-07 15:43:36',NULL,NULL,NULL),(223,131,55,'zqwd','蒸汽温度','摄氏度','℃',60,1,2,0,'2018-02-07 15:43:36',NULL,NULL,NULL),(224,131,55,'zqssll','蒸汽瞬时流量','吨/小时','t/h',60,1,2,0,'2018-02-07 15:43:36',NULL,NULL,NULL),(225,131,55,'qbsw','汽包水位','毫米','mm',60,1,2,0,'2018-02-07 15:43:36',NULL,NULL,NULL),(226,131,55,'pywd','排烟温度','摄氏度','℃',60,1,2,0,'2018-02-07 15:43:36',NULL,NULL,NULL),(227,131,55,'qlyl','启炉压力','兆帕','MPa',60,1,2,0,'2018-02-07 15:43:36',NULL,NULL,NULL),(228,131,55,'mbyl','目标压力','兆帕','MPa',60,1,2,0,'2018-02-07 15:43:36',NULL,NULL,NULL),(229,131,55,'tlyl','停炉压力','兆帕','MPa',60,1,2,0,'2018-02-07 15:43:36',NULL,NULL,NULL),(230,131,55,'zdzt','终端状态','','',60,5,NULL,0,'2018-02-07 15:43:36',NULL,NULL,NULL),(231,131,55,'rszt','燃烧状态','','',60,5,NULL,0,'2018-02-07 15:43:36',NULL,NULL,NULL),(232,131,55,'bjzt','报警状态','','',60,5,NULL,0,'2018-02-07 15:43:36',NULL,NULL,NULL),(233,132,56,'chswd','出回水温度','摄氏度','℃',60,1,2,0,'2018-02-07 15:45:09',NULL,NULL,NULL),(234,132,56,'chsll','出回水流量','吨/小时','t/h',12121211,1,2,0,'2018-02-07 15:45:09',NULL,NULL,NULL),(235,132,56,'jqswd','集汽室温度','摄氏度','℃',0,1,2,0,'2018-02-07 15:45:09',NULL,NULL,NULL),(236,132,56,'lswd','炉水温度','摄氏度','℃',60,1,2,0,'2018-02-07 15:45:09',NULL,NULL,NULL),(237,132,56,'lsyl','炉水压力','兆帕','MPa',60,1,2,0,'2018-02-07 15:45:09',NULL,NULL,NULL),(238,132,56,'pywd','排烟温度','摄氏度','℃',60,1,2,0,'2018-02-07 15:45:09',NULL,NULL,NULL),(239,132,56,'qlhc','启炉回差','摄氏度','℃',60,1,2,0,'2018-02-07 15:45:09',NULL,NULL,NULL),(240,132,56,'kzwd','控制温度','摄氏度','℃',60,1,2,0,'2018-02-07 15:45:09',NULL,NULL,NULL),(241,132,56,'tlwd','停炉温度','摄氏度','℃',60,1,2,0,'2018-02-07 15:45:09',NULL,NULL,NULL),(242,132,56,'cstlhc','出水停炉回差','摄氏度','℃',61,1,2,0,'2018-02-07 15:45:09',NULL,NULL,NULL),(243,132,56,'zdzt','终端状态','','',60,5,NULL,0,'2018-02-07 15:45:09',NULL,NULL,NULL),(244,132,56,'rszt','燃烧状态','','',60,5,NULL,0,'2018-02-07 15:45:09',NULL,NULL,NULL),(245,132,56,'bjzt','报警状态','sdsd','adasd',5,5,NULL,0,'2018-02-07 15:45:09',9,'2018-03-22 17:09:22',NULL),(246,133,57,'chswd','出回水温度','摄氏度','℃',60,1,2,0,'2018-02-07 16:27:46',NULL,NULL,NULL),(247,133,57,'chsy','出回水压力','兆帕','MPa',60,1,2,0,'2018-02-07 16:27:46',NULL,NULL,NULL),(248,133,57,'chsll','出回水流量','吨/小时','t/h',60,1,2,0,'2018-02-07 16:27:46',NULL,NULL,NULL),(249,133,57,'pywd','排烟温度','摄氏度','℃',60,1,2,0,'2018-02-07 16:27:46',NULL,NULL,NULL),(250,133,57,'qlwd','起炉温度','摄氏度','℃',60,1,2,0,'2018-02-07 16:27:46',NULL,NULL,NULL),(251,133,57,'mbwd','目标温度','摄氏度','℃',60,1,2,0,'2018-02-07 16:27:46',NULL,NULL,NULL),(252,133,57,'tlwd','停炉温度','摄氏度','℃',60,1,2,0,'2018-02-07 16:27:46',NULL,NULL,NULL),(253,133,57,'zdzt','终端状态','','',60,5,NULL,0,'2018-02-07 16:27:46',NULL,NULL,NULL),(254,133,57,'rszt','燃烧状态','','',60,5,NULL,0,'2018-02-07 16:27:46',NULL,NULL,NULL),(255,133,57,'bjzt','报警状态','','',60,5,NULL,0,'2018-02-07 16:27:46',NULL,NULL,NULL),(258,134,58,'zqssll','蒸汽瞬时流量','吨/小时','t/h',60,1,2,0,'2018-02-07 16:44:30',NULL,NULL,NULL),(259,134,58,'qbsw','汽包水位','毫米','mm',60,1,2,0,'2018-02-07 16:44:30',NULL,NULL,NULL),(260,134,58,'pywd','排烟温度','摄氏度','℃',60,1,2,0,'2018-02-07 16:44:30',NULL,NULL,NULL),(261,134,58,'qlyl','启炉压力','兆帕','MPa',60,1,2,0,'2018-02-07 16:44:30',NULL,NULL,NULL),(262,134,58,'mbyl','目标压力','兆帕','MPa',60,1,2,0,'2018-02-07 16:44:30',NULL,NULL,NULL),(263,134,58,'tlyl','停炉压力','兆帕','MPa',60,1,2,0,'2018-02-07 16:44:30',NULL,NULL,NULL),(264,134,58,'zdzt','终端状态','','',60,5,NULL,0,'2018-02-07 16:44:30',NULL,NULL,NULL),(265,134,58,'rszt','燃烧状态','','',60,5,NULL,0,'2018-02-07 16:44:31',NULL,NULL,NULL),(266,134,58,'bjzt1','报警状态1','状态','boo',2,5,NULL,0,'2018-02-07 16:44:31',2,'2018-04-04 10:47:11',NULL),(267,135,59,'chswd','出回水温度','摄氏度','℃',60,1,2,0,'2018-02-07 16:48:17',NULL,NULL,NULL),(268,135,59,'chsyl','出回水压力','兆帕','MPa',60,1,2,0,'2018-02-07 16:48:17',NULL,NULL,NULL),(269,135,59,'chsll','出回水流量','吨/小时','t/h',60,1,2,0,'2018-02-07 16:48:17',NULL,NULL,NULL),(270,135,59,'pywd','排烟温度','摄氏度','℃',60,1,2,0,'2018-02-07 16:48:17',NULL,NULL,NULL),(271,135,59,'qlwd','起炉温度','摄氏度','℃',60,1,2,0,'2018-02-07 16:48:17',NULL,NULL,NULL),(272,135,59,'mbwd','目标温度','摄氏度','℃',60,1,2,0,'2018-02-07 16:48:17',NULL,NULL,NULL),(273,135,59,'tlwd','停炉温度','摄氏度','℃',60,1,2,0,'2018-02-07 16:48:17',NULL,NULL,NULL),(274,135,59,'zdzt','终端状态','','',60,5,NULL,0,'2018-02-07 16:48:17',NULL,NULL,NULL),(275,135,59,'rszt','燃烧状态','','',60,5,NULL,0,'2018-02-07 16:48:17',NULL,NULL,NULL),(276,135,59,'bjzt','报警状态','','',60,5,NULL,0,'2018-02-07 16:48:17',NULL,NULL,NULL),(278,131,1,'testpoint1','testpoint哈哈哈哈哈','--','--',30,6,4,0,'2018-02-09 10:35:53',0,'2018-02-09 10:35:53',NULL),(279,136,60,'chswd','Supply and return water temperature','degree Celsius','℃',60,1,2,0,'2018-02-24 15:45:17',NULL,NULL,NULL),(280,136,60,'chsyl','Supply and return water pressure','megapascals','MPa',60,1,2,0,'2018-02-24 15:45:17',NULL,NULL,NULL),(281,136,60,'chsll','Supply and return water flow','ton/hour','t/h',60,1,2,0,'2018-02-24 15:45:17',NULL,NULL,NULL),(282,136,60,'pywd','Smoke exhaust temperature','degree Celsius','℃',60,1,2,0,'2018-02-24 15:45:17',NULL,NULL,NULL),(283,136,60,'qlwd','Turn on temperature','degree Celsius','℃',60,1,2,0,'2018-02-24 15:45:17',NULL,NULL,NULL),(284,136,60,'mbwd','Target temperature','degree Celsius','℃',60,1,2,0,'2018-02-24 15:45:17',NULL,NULL,NULL),(285,136,60,'tlwd','Turn off temperature','degree Celsius','℃',60,1,2,0,'2018-02-24 15:45:17',NULL,NULL,NULL),(286,136,60,'zdzt','Terminal status','','',60,5,NULL,0,'2018-02-24 15:45:17',NULL,NULL,NULL),(287,136,60,'rszt','Combustion status','','',60,5,NULL,0,'2018-02-24 15:45:17',NULL,NULL,NULL),(288,136,60,'bjzt','Alarm status','','',60,5,NULL,0,'2018-02-24 15:45:17',NULL,NULL,NULL),(289,137,61,'zqyl','Steam pressure','megapascals','MPa',60,1,2,0,'2018-02-24 15:47:45',NULL,NULL,NULL),(290,137,61,'zqwd','Steam temperature','degree Celsius','℃',60,1,2,0,'2018-02-24 15:47:45',NULL,NULL,NULL),(291,137,61,'zqssll','Instantaneous flow of steam','ton/hour','t/h',60,1,2,0,'2018-02-24 15:47:45',NULL,NULL,NULL),(292,137,61,'qbsw','Steam drum level','millimeter','mm',60,1,2,0,'2018-02-24 15:47:45',NULL,NULL,NULL),(293,137,61,'pywd','Smoke exhaust temperature','degree Celsius','℃',60,1,2,0,'2018-02-24 15:47:45',NULL,NULL,NULL),(294,137,61,'qlyl','Turn on pressure','megapascals','MPa',60,1,2,0,'2018-02-24 15:47:46',NULL,NULL,NULL),(295,137,61,'mbyl','Target pressure','megapascals','MPa',60,1,2,0,'2018-02-24 15:47:46',NULL,NULL,NULL),(296,137,61,'tlyl','Turn off pressure','megapascals','MPa',60,1,2,0,'2018-02-24 15:47:46',NULL,NULL,NULL),(297,137,61,'zdzt','Terminal status','','',60,5,NULL,0,'2018-02-24 15:47:46',NULL,NULL,NULL),(298,137,61,'rszt','Combustion status','','',60,5,NULL,0,'2018-02-24 15:47:46',NULL,NULL,NULL),(299,137,61,'bjzt','Alarm status','','',60,5,NULL,0,'2018-02-24 15:47:46',NULL,NULL,NULL),(300,138,62,'chswd','Supply and return water temperature','degree Celsius','℃',60,1,2,0,'2018-02-24 15:48:20',NULL,NULL,NULL),(301,138,62,'chsyl','Supply and return water pressure','megapascals','MPa',60,1,2,0,'2018-02-24 15:48:20',NULL,NULL,NULL),(302,138,62,'jqswd','Plenum temperature','degree Celsius','℃',60,1,2,0,'2018-02-24 15:48:20',NULL,NULL,NULL),(303,138,62,'lswd','Boiler water temperature','degree Celsius','℃',60,1,2,0,'2018-02-24 15:48:20',NULL,NULL,NULL),(304,138,62,'lsyl','Boiler water pressure','megapascals','MPa',60,1,2,0,'2018-02-24 15:48:20',NULL,NULL,NULL),(305,138,62,'pywd','Smoke exhaust temperature','degree Celsius','℃',60,1,2,0,'2018-02-24 15:48:20',NULL,NULL,NULL),(306,138,62,'qlhc','Turn on boiler return difference','degree Celsius','℃',60,1,2,0,'2018-02-24 15:48:20',NULL,NULL,NULL),(307,138,62,'kzwd','Controlled temperature','degree Celsius','℃',60,1,2,0,'2018-02-24 15:48:20',NULL,NULL,NULL),(308,138,62,'tlwd','Turn off temperature','degree Celsius','℃',60,1,2,0,'2018-02-24 15:48:20',NULL,NULL,NULL),(309,138,62,'cstlhc','Turn off boiler return difference','degree Celsius','℃',60,1,2,0,'2018-02-24 15:48:21',NULL,NULL,NULL),(310,138,62,'zdzt','Terminal status','','',60,5,NULL,0,'2018-02-24 15:48:21',NULL,NULL,NULL),(311,138,62,'rszt','Combustion status','','',60,5,NULL,0,'2018-02-24 15:48:21',NULL,NULL,NULL),(312,138,62,'bjzt','Alarm stat','','',60,5,NULL,0,'2018-02-24 15:48:21',NULL,NULL,NULL),(313,134,1,'名称改变不存在同名数据点','用来测试postman和cassandra的','次','哈哈哈',456456,6,5,0,'2018-03-02 14:05:32',0,'2018-03-02 14:46:14','开'),(314,132,56,'aaaa','dadadakhf','asa','fddfs',300,6,6,0,'2018-02-07 15:45:09',9,'2018-03-23 11:02:13',NULL),(322,132,56,'aaab','aa','dd','dfs',100,5,NULL,9,'2018-03-23 16:07:26',NULL,NULL,NULL),(325,135,59,'fffa','aada','da','dad',1800,0,NULL,9,'2018-03-29 15:22:51',NULL,NULL,NULL),(327,140,63,'aaa__123','a','a','a',1800,0,NULL,9,'2018-03-29 15:31:30',NULL,NULL,NULL),(336,140,63,'dirty_1','qqaz','qqaz','qqaz',123,6,4,9,'2018-03-29 17:00:36',2,'2018-03-29 19:55:50',NULL),(348,140,63,'aass','dasfras','f','f',42,2,NULL,9,'2018-03-29 18:19:35',2,'2018-03-29 20:00:30',NULL),(358,134,58,'temp','temperature','摄氏度','℃',1800,1,NULL,2,'2018-04-04 10:42:42',NULL,NULL,NULL);
/*!40000 ALTER TABLE `data_point` ENABLE KEYS */;
UNLOCK TABLES;

--
-- Table structure for table `data_point_extra`
--

DROP TABLE IF EXISTS `data_point_extra`;
/*!40101 SET @saved_cs_client     = @@character_set_client */;
/*!40101 SET character_set_client = utf8 */;
CREATE TABLE `data_point_extra` (
  `id` bigint(20) DEFAULT NULL,
  `product_id` bigint(20) DEFAULT NULL,
  `model_id` bigint(20) DEFAULT NULL,
  `name` varchar(500) COLLATE utf8mb4_unicode_ci DEFAULT NULL,
  `description` varchar(500) COLLATE utf8mb4_unicode_ci DEFAULT NULL,
  `unit_name` varchar(500) COLLATE utf8mb4_unicode_ci DEFAULT NULL,
  `unit_sign` varchar(500) COLLATE utf8mb4_unicode_ci DEFAULT NULL,
  `frequency` int(11) DEFAULT NULL,
  `type` tinyint(4) DEFAULT NULL,
  `length` int(11) DEFAULT NULL,
  `create_by` bigint(20) DEFAULT NULL,
  `create_date` varchar(500) COLLATE utf8mb4_unicode_ci DEFAULT NULL,
  `update_by` bigint(20) DEFAULT NULL,
  `update_date` varchar(500) COLLATE utf8mb4_unicode_ci DEFAULT NULL,
  `type_value` varchar(500) COLLATE utf8mb4_unicode_ci DEFAULT NULL
) ENGINE=InnoDB DEFAULT CHARSET=utf8mb4 COLLATE=utf8mb4_unicode_ci;
/*!40101 SET character_set_client = @saved_cs_client */;

--
-- Dumping data for table `data_point_extra`
--

LOCK TABLES `data_point_extra` WRITE;
/*!40000 ALTER TABLE `data_point_extra` DISABLE KEYS */;
INSERT INTO `data_point_extra` VALUES (1,3,1,'temp','温度','摄氏度','℃',3,0,NULL,2,'2018-01-21 17:13:09',2,'2018-01-21 17:13:09',NULL),(2,3,1,'pressure','压力','帕斯卡','Pa',3,0,NULL,2,'2018-01-21 17:13:09',2,'2018-01-21 17:13:09',NULL),(4,1,1,'weight','重量','牛顿','N',3,0,2,3,'2018-01-30 15:35:20',3,'2018-01-30 15:35:20',NULL),(7,78,2,'voltage','电压','伏特','V',3,1,NULL,2,'2018-02-03 10:30:33',NULL,NULL,NULL),(8,78,2,'current','电流','安培','A',5,1,NULL,2,'2018-02-03 10:30:33',NULL,NULL,NULL),(11,80,4,'voltage','电压','伏特','V',3,1,NULL,2,'2018-02-03 13:22:52',NULL,NULL,NULL),(12,80,4,'current','电流','安培','A',5,1,NULL,2,'2018-02-03 13:22:52',NULL,NULL,NULL),(13,81,5,'voltage','电压','伏特','V',3,1,NULL,2,'2018-02-03 13:25:18',NULL,NULL,NULL),(14,81,5,'current','电流','安培','A',5,1,NULL,2,'2018-02-03 13:25:18',NULL,NULL,NULL),(17,83,7,'voltage','电压','伏特','V',3,1,NULL,2,'2018-02-03 13:50:25',NULL,NULL,NULL),(18,83,7,'current','电流','安培','A',5,1,NULL,2,'2018-02-03 13:50:25',NULL,NULL,NULL),(21,85,9,'voltage','电压','伏特','V',3,1,NULL,2,'2018-02-03 13:54:16',NULL,NULL,NULL),(22,85,9,'current','电流','安培','A',5,1,NULL,2,'2018-02-03 13:54:16',NULL,NULL,NULL),(25,87,11,'voltage','电压','伏特','V',3,1,NULL,2,'2018-02-03 14:18:15',NULL,NULL,NULL),(26,87,11,'current','电流','安培','A',5,1,NULL,2,'2018-02-03 14:18:15',NULL,NULL,NULL),(31,90,14,'voltage','电压','伏特','V',3,1,NULL,2,'2018-02-03 14:26:59',NULL,NULL,NULL),(32,90,14,'current','电流','安培','A',5,1,NULL,2,'2018-02-03 14:26:59',NULL,NULL,NULL),(33,91,15,'voltage','电压','伏特','V',3,1,NULL,2,'2018-02-03 14:41:27',NULL,NULL,NULL),(34,91,15,'current','电流','安培','A',5,4,NULL,2,'2018-02-03 14:41:28',NULL,NULL,NULL),(47,98,22,'voltage','电压','伏特','V',3,1,NULL,2,'2018-02-03 14:55:34',NULL,NULL,NULL),(48,98,22,'current','电流','安培','A',5,4,NULL,2,'2018-02-03 14:55:34',NULL,NULL,NULL),(51,100,24,'voltage','电压','伏特','V',3,1,NULL,2,'2018-02-03 15:08:58',NULL,NULL,NULL),(52,100,24,'current','电流','安培','A',5,4,NULL,2,'2018-02-03 15:08:58',NULL,NULL,NULL),(53,101,25,'voltage','电压','伏特','V',3,1,NULL,2,'2018-02-03 15:10:57',NULL,NULL,NULL),(54,101,25,'current','电流','安培','A',5,4,NULL,2,'2018-02-03 15:10:57',NULL,NULL,NULL),(55,102,26,'voltage','电压','伏特','V',3,1,NULL,2,'2018-02-03 15:11:11',NULL,NULL,NULL),(56,102,26,'current','电流','安培','A',5,4,NULL,2,'2018-02-03 15:11:11',NULL,NULL,NULL),(57,103,27,'voltage','电压','伏特','V',3,1,NULL,2,'2018-02-03 15:13:46',NULL,NULL,NULL),(58,103,27,'current','电流','安培','A',5,4,NULL,2,'2018-02-03 15:13:46',NULL,NULL,NULL),(65,110,34,'voltage','电压','伏特','V',3,1,NULL,2,'2018-02-03 15:24:13',NULL,NULL,NULL),(66,110,34,'current','电流','安培','A',5,4,NULL,2,'2018-02-03 15:24:14',NULL,NULL,NULL),(67,111,35,'voltage','电压','伏特','V',3,1,NULL,2,'2018-02-03 15:25:57',NULL,NULL,NULL),(68,111,35,'current','电流','安培','A',5,4,NULL,2,'2018-02-03 15:25:57',NULL,NULL,NULL),(69,112,36,'voltage','电压','伏特','V',3,1,NULL,2,'2018-02-03 15:27:29',NULL,NULL,NULL),(70,112,36,'current','电流','安培','A',5,4,NULL,2,'2018-02-03 15:27:29',NULL,NULL,NULL),(71,113,37,'voltage','电压','伏特','V',3,1,NULL,2,'2018-02-03 17:19:38',NULL,NULL,NULL),(72,113,37,'current','电流','安培','A',5,4,NULL,2,'2018-02-03 17:19:39',NULL,NULL,NULL),(73,114,38,'voltage','电压','伏特','V',3,1,NULL,2,'2018-02-03 17:19:59',NULL,NULL,NULL),(74,114,38,'current','电流','安培','A',5,4,NULL,2,'2018-02-03 17:19:59',NULL,NULL,NULL),(75,115,39,'voltage','电压','伏特','V',3,1,NULL,2,'2018-02-03 17:22:48',NULL,NULL,NULL),(76,115,39,'current','电流','安培','A',5,4,NULL,2,'2018-02-03 17:22:48',NULL,NULL,NULL),(77,116,40,'voltage','电压','伏特','V',3,1,NULL,2,'2018-02-03 18:06:25',NULL,NULL,NULL),(78,116,40,'current','电流','安培','A',5,1,NULL,2,'2018-02-03 18:06:25',NULL,NULL,NULL),(79,117,41,'voltage','电压','伏特','V',3,1,NULL,0,'2018-02-03 20:07:11',NULL,NULL,NULL),(80,117,41,'current','电流','安培','A',5,1,NULL,0,'2018-02-03 20:07:11',NULL,NULL,NULL),(81,118,42,'voltage','电压','伏特','V',3,1,NULL,0,'2018-02-03 20:08:28',NULL,NULL,NULL),(82,118,42,'current','电流','安培','A',5,1,NULL,0,'2018-02-03 20:08:28',NULL,NULL,NULL),(83,119,43,'chswd','出回水温度','摄氏度','℃',60,1,2,0,'2018-02-03 20:49:28',NULL,NULL,NULL),(84,119,43,'chsy','出回水压力','兆帕','MPa',60,1,2,0,'2018-02-03 20:49:28',NULL,NULL,NULL),(85,119,43,'chsll','出回水流量','吨/小时','t/h',60,1,2,0,'2018-02-03 20:49:28',NULL,NULL,NULL),(86,119,43,'pywd','排烟温度','摄氏度','℃',60,1,2,0,'2018-02-03 20:49:28',NULL,NULL,NULL),(87,119,43,'mbwd','目标温度','摄氏度','℃',60,1,2,0,'2018-02-03 20:49:29',NULL,NULL,NULL),(88,119,43,'tlwd','停炉温度','摄氏度','℃',60,1,2,0,'2018-02-03 20:49:29',NULL,NULL,NULL),(89,119,43,'zdzt','终端状态','','',60,5,NULL,0,'2018-02-03 20:49:29',NULL,NULL,NULL),(90,119,43,'rszt','燃烧状态','','',60,5,NULL,0,'2018-02-03 20:49:29',NULL,NULL,NULL),(91,119,43,'bjzt','报警状态','','',60,5,NULL,0,'2018-02-03 20:49:29',NULL,NULL,NULL),(99,121,45,'chswd','出回水温度','摄氏度','℃',60,1,NULL,0,'2018-02-03 20:58:16',NULL,NULL,NULL),(100,121,45,'chsy','出回水压力','兆帕','MPa',60,1,NULL,0,'2018-02-03 20:58:16',NULL,NULL,NULL),(101,121,45,'chsll','出回水流量','吨/小时','t/h',60,1,NULL,0,'2018-02-03 20:58:16',NULL,NULL,NULL),(102,121,45,'pywd','排烟温度','摄氏度','℃',60,1,NULL,0,'2018-02-03 20:58:16',NULL,NULL,NULL),(103,121,45,'qlwd','启炉温度','摄氏度','℃',60,1,NULL,0,'2018-02-03 20:58:16',NULL,NULL,NULL),(104,121,45,'mbwd','目标温度','摄氏度','℃',60,1,NULL,0,'2018-02-03 20:58:16',NULL,NULL,NULL),(105,121,45,'tlwd','停炉温度','摄氏度','℃',60,1,NULL,0,'2018-02-03 20:58:16',NULL,NULL,NULL),(106,121,45,'zdzt','终端状态','','',60,5,NULL,0,'2018-02-03 20:58:16',NULL,NULL,NULL),(107,121,45,'rszt','燃烧状态','','',60,5,NULL,0,'2018-02-03 20:58:16',NULL,NULL,NULL),(108,121,45,'bjzt','报警状态','','',60,5,NULL,0,'2018-02-03 20:58:17',NULL,NULL,NULL),(109,122,46,'chswd','出回水温度','摄氏度','℃',60,1,2,0,'2018-02-03 20:59:49',NULL,NULL,NULL),(110,122,46,'chsyl','出回水压力','兆帕','MPa',60,1,2,0,'2018-02-03 20:59:49',NULL,NULL,NULL),(111,122,46,'chsll','出回水流量','吨/小时','t/h',60,1,2,0,'2018-02-03 20:59:49',NULL,NULL,NULL),(112,122,46,'pywd','排烟温度','摄氏度','℃',60,1,2,0,'2018-02-03 20:59:49',NULL,NULL,NULL),(113,122,46,'qlwd','启炉温度','摄氏度','℃',60,1,2,0,'2018-02-03 20:59:49',NULL,NULL,NULL),(114,122,46,'mbwd','目标温度','摄氏度','℃',60,1,2,0,'2018-02-03 20:59:49',NULL,NULL,NULL),(115,122,46,'tlwd','停炉温度','摄氏度','℃',60,1,2,0,'2018-02-03 20:59:49',NULL,NULL,NULL),(116,122,46,'zdzt','终端状态','','',60,5,NULL,0,'2018-02-03 20:59:49',NULL,NULL,NULL),(117,122,46,'rszt','燃烧状态','','',60,5,NULL,0,'2018-02-03 20:59:49',NULL,NULL,NULL),(118,122,46,'bjzt','报警状态','','',60,5,NULL,0,'2018-02-03 20:59:49',NULL,NULL,NULL),(119,123,47,'zqyl','蒸汽压力','兆帕','MPa',60,1,2,0,'2018-02-03 21:05:31',NULL,NULL,NULL),(120,123,47,'zqwd','蒸汽温度','摄氏度','℃',60,1,2,0,'2018-02-03 21:05:31',NULL,NULL,NULL),(121,123,47,'zqssll','蒸汽瞬时流量','吨/小时','t/h',60,1,2,0,'2018-02-03 21:05:31',NULL,NULL,NULL),(122,123,47,'qbsw','汽包水位','毫米','mm',60,1,2,0,'2018-02-03 21:05:31',NULL,NULL,NULL),(123,123,47,'pywd','排烟温度','摄氏度','℃',60,1,2,0,'2018-02-03 21:05:31',NULL,NULL,NULL),(124,123,47,'qlyl','启炉压力','兆帕','MPa',60,1,2,0,'2018-02-03 21:05:31',NULL,NULL,NULL),(125,123,47,'mbyl','目标压力','兆帕','MPa',60,1,2,0,'2018-02-03 21:05:32',NULL,NULL,NULL),(126,123,47,'tlyl','停炉压力','兆帕','MPa',60,1,2,0,'2018-02-03 21:05:32',NULL,NULL,NULL),(127,123,47,'zdzt','终端状态','','',60,5,NULL,0,'2018-02-03 21:05:32',NULL,NULL,NULL),(128,123,47,'rszt','燃烧状态','','',60,5,NULL,0,'2018-02-03 21:05:32',NULL,NULL,NULL),(129,123,47,'bjzt','报警状态','','',60,5,NULL,0,'2018-02-03 21:05:32',NULL,NULL,NULL),(130,124,48,'chswd','出回水温度','摄氏度','℃',60,1,2,0,'2018-02-03 21:15:14',NULL,NULL,NULL),(131,124,48,'chsll','出回水流量','吨/小时','t/h',60,1,2,0,'2018-02-03 21:15:14',NULL,NULL,NULL),(132,124,48,'jqswd','集汽室温度','摄氏度','℃',60,1,2,0,'2018-02-03 21:15:14',NULL,NULL,NULL),(133,124,48,'lswd','炉水温度','摄氏度','℃',60,1,2,0,'2018-02-03 21:15:14',NULL,NULL,NULL),(134,124,48,'lsyl','炉水压力','兆帕','MPa',60,1,2,0,'2018-02-03 21:15:14',NULL,NULL,NULL),(135,124,48,'pywd','排烟温度','摄氏度','℃',60,1,2,0,'2018-02-03 21:15:14',NULL,NULL,NULL),(136,124,48,'qlhc','启炉回差','摄氏度','℃',60,1,2,0,'2018-02-03 21:15:14',NULL,NULL,NULL),(137,124,48,'kzwd','控制温度','摄氏度','℃',60,1,2,0,'2018-02-03 21:15:14',NULL,NULL,NULL),(138,124,48,'tlwd','停炉温度','摄氏度','℃',60,1,2,0,'2018-02-03 21:15:14',NULL,NULL,NULL),(139,124,48,'cstlhc','出水停炉回差','摄氏度','℃',60,1,2,0,'2018-02-03 21:15:14',NULL,NULL,NULL),(140,124,48,'zdzt','终端状态','','',60,5,NULL,0,'2018-02-03 21:15:14',NULL,NULL,NULL),(141,124,48,'rszt','燃烧状态','','',60,5,NULL,0,'2018-02-03 21:15:14',NULL,NULL,NULL),(142,124,48,'bjzt','报警状态','','',60,5,NULL,0,'2018-02-03 21:15:14',NULL,NULL,NULL),(143,125,49,'chswd','出回水温度','摄氏度','℃',60,1,2,0,'2018-02-03 21:19:31',NULL,NULL,NULL),(144,125,49,'chsll','出回水流量','吨/小时','t/h',60,1,2,0,'2018-02-03 21:19:31',NULL,NULL,NULL),(145,125,49,'jqswd','集汽室温度','摄氏度','℃',60,1,2,0,'2018-02-03 21:19:31',NULL,NULL,NULL),(146,125,49,'lswd','炉水温度','摄氏度','℃',60,1,2,0,'2018-02-03 21:19:31',NULL,NULL,NULL),(147,125,49,'lsyl','炉水压力','兆帕','MPa',60,1,2,0,'2018-02-03 21:19:31',NULL,NULL,NULL),(148,125,49,'pywd','排烟温度','摄氏度','℃',60,1,2,0,'2018-02-03 21:19:31',NULL,NULL,NULL),(149,125,49,'qlhc','启炉回差','摄氏度','℃',60,1,2,0,'2018-02-03 21:19:31',NULL,NULL,NULL),(150,125,49,'kzwd','控制温度','摄氏度','℃',60,1,2,0,'2018-02-03 21:19:31',NULL,NULL,NULL),(151,125,49,'tlwd','停炉温度','摄氏度','℃',60,1,2,0,'2018-02-03 21:19:31',NULL,NULL,NULL),(152,125,49,'cstlhc','出水停炉回差','摄氏度','℃',60,1,2,0,'2018-02-03 21:19:31',NULL,NULL,NULL),(153,125,49,'zdzt','终端状态','','',60,5,NULL,0,'2018-02-03 21:19:31',NULL,NULL,NULL),(154,125,49,'rszt','燃烧状态','','',60,5,NULL,0,'2018-02-03 21:19:31',NULL,NULL,NULL),(155,125,49,'bjzt','报警状态','','',60,5,NULL,0,'2018-02-03 21:19:31',NULL,NULL,NULL),(157,3,1,'二次测试的','这是添加二次测试','次','次',5,1,5,0,'2018-02-05 17:01:10',0,'2018-02-05 17:01:10','测试'),(158,126,50,'chswd','出回水温度','摄氏度','℃',60,1,2,0,'2018-02-06 15:28:00',NULL,NULL,NULL),(159,126,50,'chsll','出回水流量','吨/小时','t/h',60,1,2,0,'2018-02-06 15:28:00',NULL,NULL,NULL),(160,126,50,'jqswd','集汽室温度','摄氏度','℃',60,1,2,0,'2018-02-06 15:28:00',NULL,NULL,NULL),(161,126,50,'lswd','炉水温度','摄氏度','℃',60,1,2,0,'2018-02-06 15:28:00',NULL,NULL,NULL),(162,126,50,'lsyl','炉水压力','兆帕','MPa',60,1,2,0,'2018-02-06 15:28:00',NULL,NULL,NULL),(163,126,50,'pywd','排烟温度','摄氏度','℃',60,1,2,0,'2018-02-06 15:28:00',NULL,NULL,NULL),(164,126,50,'qlhc','启炉回差','摄氏度','℃',60,1,2,0,'2018-02-06 15:28:00',NULL,NULL,NULL),(165,126,50,'kzwd','控制温度','摄氏度','℃',60,1,2,0,'2018-02-06 15:28:00',NULL,NULL,NULL),(166,126,50,'tlwd','停炉温度','摄氏度','℃',60,1,2,0,'2018-02-06 15:28:00',NULL,NULL,NULL),(167,126,50,'cstlhc','出水停炉回差','摄氏度','℃',60,1,2,0,'2018-02-06 15:28:00',NULL,NULL,NULL),(168,126,50,'zdzt','终端状态','','',60,5,NULL,0,'2018-02-06 15:28:00',NULL,NULL,NULL),(169,126,50,'rszt','燃烧状态','','',60,5,NULL,0,'2018-02-06 15:28:00',NULL,NULL,NULL),(170,126,50,'bjzt','报警状态','','',60,5,NULL,0,'2018-02-06 15:28:00',NULL,NULL,NULL),(171,127,51,'chswd','出回水温度','摄氏度','℃',60,1,2,0,'2018-02-06 15:31:25',NULL,NULL,NULL),(172,127,51,'chsll','出回水流量','吨/小时','t/h',60,1,2,0,'2018-02-06 15:31:25',NULL,NULL,NULL),(173,127,51,'jqswd','集汽室温度','摄氏度','℃',60,1,2,0,'2018-02-06 15:31:25',NULL,NULL,NULL),(174,127,51,'lswd','炉水温度','摄氏度','℃',60,1,2,0,'2018-02-06 15:31:25',NULL,NULL,NULL),(175,127,51,'lsyl','炉水压力','兆帕','MPa',60,1,2,0,'2018-02-06 15:31:25',NULL,NULL,NULL),(176,127,51,'pywd','排烟温度','摄氏度','℃',60,1,2,0,'2018-02-06 15:31:25',NULL,NULL,NULL),(177,127,51,'qlhc','启炉回差','摄氏度','℃',60,1,2,0,'2018-02-06 15:31:25',NULL,NULL,NULL),(178,127,51,'kzwd','控制温度','摄氏度','℃',60,1,2,0,'2018-02-06 15:31:25',NULL,NULL,NULL),(179,127,51,'tlwd','停炉温度','摄氏度','℃',60,1,2,0,'2018-02-06 15:31:25',NULL,NULL,NULL),(180,127,51,'cstlhc','出水停炉回差','摄氏度','℃',60,1,2,0,'2018-02-06 15:31:25',NULL,NULL,NULL),(181,127,51,'zdzt','终端状态','','',60,5,NULL,0,'2018-02-06 15:31:25',NULL,NULL,NULL),(182,127,51,'rszt','燃烧状态','','',60,5,NULL,0,'2018-02-06 15:31:25',NULL,NULL,NULL),(183,127,51,'bjzt','报警状态','','',60,5,NULL,0,'2018-02-06 15:31:25',NULL,NULL,NULL),(184,128,52,'chswd','出回水温度','摄氏度','℃',60,1,2,0,'2018-02-06 15:35:43',NULL,NULL,NULL),(185,128,52,'chsll','出回水流量','吨/小时','t/h',60,1,2,0,'2018-02-06 15:35:43',NULL,NULL,NULL),(186,128,52,'jqswd','集汽室温度','摄氏度','℃',60,1,2,0,'2018-02-06 15:35:43',NULL,NULL,NULL),(187,128,52,'lswd','炉水温度','摄氏度','℃',60,1,2,0,'2018-02-06 15:35:43',NULL,NULL,NULL),(188,128,52,'lsyl','炉水压力','兆帕','MPa',60,1,2,0,'2018-02-06 15:35:43',NULL,NULL,NULL),(189,128,52,'pywd','排烟温度','摄氏度','℃',60,1,2,0,'2018-02-06 15:35:43',NULL,NULL,NULL),(190,128,52,'qlhc','启炉回差','摄氏度','℃',60,1,2,0,'2018-02-06 15:35:43',NULL,NULL,NULL),(191,128,52,'kzwd','控制温度','摄氏度','℃',60,1,2,0,'2018-02-06 15:35:43',NULL,NULL,NULL),(192,128,52,'tlwd','停炉温度','摄氏度','℃',60,1,2,0,'2018-02-06 15:35:43',NULL,NULL,NULL),(193,128,52,'cstlhc','出水停炉回差','摄氏度','℃',60,1,2,0,'2018-02-06 15:35:43',NULL,NULL,NULL),(194,128,52,'zdzt','终端状态','','',60,5,NULL,0,'2018-02-06 15:35:43',NULL,NULL,NULL),(195,128,52,'rszt','燃烧状态','','',60,5,NULL,0,'2018-02-06 15:35:43',NULL,NULL,NULL),(196,128,52,'bjzt','报警状态','','',60,5,NULL,0,'2018-02-06 15:35:43',NULL,NULL,NULL),(211,122,1,'cassandra','这是用来测试postman和cassandra的','次','哈哈哈',456456,6,10,0,'2018-02-07 11:23:57',0,'2018-02-07 11:23:57','开'),(212,122,1,'cassandra2fdf','这是用来测试postman和cassandra的','次','哈哈哈',456456,6,10,0,'2018-02-07 11:34:23',0,'2018-02-07 11:34:23','开'),(213,130,54,'chswd','出回水温度','摄氏度','℃',60,1,2,0,'2018-02-07 15:41:35',NULL,NULL,NULL),(214,130,54,'chsyl','出回水压力','兆帕','MPa',60,1,2,0,'2018-02-07 15:41:35',NULL,NULL,NULL),(215,130,54,'chsll','出回水流量','吨/小时','t/h',60,1,2,0,'2018-02-07 15:41:35',NULL,NULL,NULL),(216,130,54,'pywd','排烟温度','摄氏度','℃',60,1,2,0,'2018-02-07 15:41:35',NULL,NULL,NULL),(217,130,54,'mbwd','目标温度','摄氏度','℃',60,1,2,0,'2018-02-07 15:41:35',NULL,NULL,NULL),(218,130,54,'tlwd','停炉温度','摄氏度','℃',60,1,2,0,'2018-02-07 15:41:35',NULL,NULL,NULL),(219,130,54,'zdzt','终端状态','','',60,5,NULL,0,'2018-02-07 15:41:35',NULL,NULL,NULL),(220,130,54,'rszt','燃烧状态','','',60,5,NULL,0,'2018-02-07 15:41:35',NULL,NULL,NULL),(221,130,54,'bjzt','报警状态','','',60,5,NULL,0,'2018-02-07 15:41:35',NULL,NULL,NULL),(222,131,55,'zqyl','蒸汽压力','兆帕','MPa',60,1,2,0,'2018-02-07 15:43:36',NULL,NULL,NULL),(223,131,55,'zqwd','蒸汽温度','摄氏度','℃',60,1,2,0,'2018-02-07 15:43:36',NULL,NULL,NULL),(224,131,55,'zqssll','蒸汽瞬时流量','吨/小时','t/h',60,1,2,0,'2018-02-07 15:43:36',NULL,NULL,NULL),(225,131,55,'qbsw','汽包水位','毫米','mm',60,1,2,0,'2018-02-07 15:43:36',NULL,NULL,NULL),(226,131,55,'pywd','排烟温度','摄氏度','℃',60,1,2,0,'2018-02-07 15:43:36',NULL,NULL,NULL),(227,131,55,'qlyl','启炉压力','兆帕','MPa',60,1,2,0,'2018-02-07 15:43:36',NULL,NULL,NULL),(228,131,55,'mbyl','目标压力','兆帕','MPa',60,1,2,0,'2018-02-07 15:43:36',NULL,NULL,NULL),(229,131,55,'tlyl','停炉压力','兆帕','MPa',60,1,2,0,'2018-02-07 15:43:36',NULL,NULL,NULL),(230,131,55,'zdzt','终端状态','','',60,5,NULL,0,'2018-02-07 15:43:36',NULL,NULL,NULL),(231,131,55,'rszt','燃烧状态','','',60,5,NULL,0,'2018-02-07 15:43:36',NULL,NULL,NULL),(232,131,55,'bjzt','报警状态','','',60,5,NULL,0,'2018-02-07 15:43:36',NULL,NULL,NULL),(233,132,56,'chswd','出回水温度','摄氏度','℃',60,1,2,0,'2018-02-07 15:45:09',NULL,NULL,NULL),(234,132,56,'chsll','出回水流量','吨/小时','t/h',12121211,1,2,0,'2018-02-07 15:45:09',NULL,NULL,NULL),(235,132,56,'jqswd','集汽室温度','摄氏度','℃',0,1,2,0,'2018-02-07 15:45:09',NULL,NULL,NULL),(236,132,56,'lswd','炉水温度','摄氏度','℃',60,1,2,0,'2018-02-07 15:45:09',NULL,NULL,NULL),(237,132,56,'lsyl','炉水压力','兆帕','MPa',60,1,2,0,'2018-02-07 15:45:09',NULL,NULL,NULL),(238,132,56,'pywd','排烟温度','摄氏度','℃',60,1,2,0,'2018-02-07 15:45:09',NULL,NULL,NULL),(239,132,56,'qlhc','启炉回差','摄氏度','℃',60,1,2,0,'2018-02-07 15:45:09',NULL,NULL,NULL),(240,132,56,'kzwd','控制温度','摄氏度','℃',60,1,2,0,'2018-02-07 15:45:09',NULL,NULL,NULL),(241,132,56,'tlwd','停炉温度','摄氏度','℃',60,1,2,0,'2018-02-07 15:45:09',NULL,NULL,NULL),(242,132,56,'cstlhc','出水停炉回差','摄氏度','℃',61,1,2,0,'2018-02-07 15:45:09',NULL,NULL,NULL),(243,132,56,'zdzt','终端状态','','',60,5,NULL,0,'2018-02-07 15:45:09',NULL,NULL,NULL),(244,132,56,'rszt','燃烧状态','','',60,5,NULL,0,'2018-02-07 15:45:09',NULL,NULL,NULL),(245,132,56,'bjzt','报警状态','sdsd','adasd',5,5,NULL,0,'2018-02-07 15:45:09',9,'2018-03-22 17:09:22',NULL),(246,133,57,'chswd','出回水温度','摄氏度','℃',60,1,2,0,'2018-02-07 16:27:46',NULL,NULL,NULL),(247,133,57,'chsy','出回水压力','兆帕','MPa',60,1,2,0,'2018-02-07 16:27:46',NULL,NULL,NULL),(248,133,57,'chsll','出回水流量','吨/小时','t/h',60,1,2,0,'2018-02-07 16:27:46',NULL,NULL,NULL),(249,133,57,'pywd','排烟温度','摄氏度','℃',60,1,2,0,'2018-02-07 16:27:46',NULL,NULL,NULL),(250,133,57,'qlwd','起炉温度','摄氏度','℃',60,1,2,0,'2018-02-07 16:27:46',NULL,NULL,NULL),(251,133,57,'mbwd','目标温度','摄氏度','℃',60,1,2,0,'2018-02-07 16:27:46',NULL,NULL,NULL),(252,133,57,'tlwd','停炉温度','摄氏度','℃',60,1,2,0,'2018-02-07 16:27:46',NULL,NULL,NULL),(253,133,57,'zdzt','终端状态','','',60,5,NULL,0,'2018-02-07 16:27:46',NULL,NULL,NULL),(254,133,57,'rszt','燃烧状态','','',60,5,NULL,0,'2018-02-07 16:27:46',NULL,NULL,NULL),(255,133,57,'bjzt','报警状态','','',60,5,NULL,0,'2018-02-07 16:27:46',NULL,NULL,NULL),(258,134,58,'zqssll','蒸汽瞬时流量','吨/小时','t/h',60,1,2,0,'2018-02-07 16:44:30',NULL,NULL,NULL),(259,134,58,'qbsw','汽包水位','毫米','mm',60,1,2,0,'2018-02-07 16:44:30',NULL,NULL,NULL),(260,134,58,'pywd','排烟温度','摄氏度','℃',60,1,2,0,'2018-02-07 16:44:30',NULL,NULL,NULL),(261,134,58,'qlyl','启炉压力','兆帕','MPa',60,1,2,0,'2018-02-07 16:44:30',NULL,NULL,NULL),(262,134,58,'mbyl','目标压力','兆帕','MPa',60,1,2,0,'2018-02-07 16:44:30',NULL,NULL,NULL),(263,134,58,'tlyl','停炉压力','兆帕','MPa',60,1,2,0,'2018-02-07 16:44:30',NULL,NULL,NULL),(264,134,58,'zdzt','终端状态','','',60,5,NULL,0,'2018-02-07 16:44:30',NULL,NULL,NULL),(265,134,58,'rszt','燃烧状态','','',60,5,NULL,0,'2018-02-07 16:44:31',NULL,NULL,NULL),(266,134,58,'bjzt1','报警状态1','状态','boo',2,5,NULL,0,'2018-02-07 16:44:31',2,'2018-04-04 10:47:11',NULL),(267,135,59,'chswd','出回水温度','摄氏度','℃',60,1,2,0,'2018-02-07 16:48:17',NULL,NULL,NULL),(268,135,59,'chsyl','出回水压力','兆帕','MPa',60,1,2,0,'2018-02-07 16:48:17',NULL,NULL,NULL),(269,135,59,'chsll','出回水流量','吨/小时','t/h',60,1,2,0,'2018-02-07 16:48:17',NULL,NULL,NULL),(270,135,59,'pywd','排烟温度','摄氏度','℃',60,1,2,0,'2018-02-07 16:48:17',NULL,NULL,NULL),(271,135,59,'qlwd','起炉温度','摄氏度','℃',60,1,2,0,'2018-02-07 16:48:17',NULL,NULL,NULL),(272,135,59,'mbwd','目标温度','摄氏度','℃',60,1,2,0,'2018-02-07 16:48:17',NULL,NULL,NULL),(273,135,59,'tlwd','停炉温度','摄氏度','℃',60,1,2,0,'2018-02-07 16:48:17',NULL,NULL,NULL),(274,135,59,'zdzt','终端状态','','',60,5,NULL,0,'2018-02-07 16:48:17',NULL,NULL,NULL),(275,135,59,'rszt','燃烧状态','','',60,5,NULL,0,'2018-02-07 16:48:17',NULL,NULL,NULL),(276,135,59,'bjzt','报警状态','','',60,5,NULL,0,'2018-02-07 16:48:17',NULL,NULL,NULL),(278,131,1,'testpoint1','testpoint哈哈哈哈哈','--','--',30,6,4,0,'2018-02-09 10:35:53',0,'2018-02-09 10:35:53',NULL),(279,136,60,'chswd','Supply and return water temperature','degree Celsius','℃',60,1,2,0,'2018-02-24 15:45:17',NULL,NULL,NULL),(280,136,60,'chsyl','Supply and return water pressure','megapascals','MPa',60,1,2,0,'2018-02-24 15:45:17',NULL,NULL,NULL),(281,136,60,'chsll','Supply and return water flow','ton/hour','t/h',60,1,2,0,'2018-02-24 15:45:17',NULL,NULL,NULL),(282,136,60,'pywd','Smoke exhaust temperature','degree Celsius','℃',60,1,2,0,'2018-02-24 15:45:17',NULL,NULL,NULL),(283,136,60,'qlwd','Turn on temperature','degree Celsius','℃',60,1,2,0,'2018-02-24 15:45:17',NULL,NULL,NULL),(284,136,60,'mbwd','Target temperature','degree Celsius','℃',60,1,2,0,'2018-02-24 15:45:17',NULL,NULL,NULL),(285,136,60,'tlwd','Turn off temperature','degree Celsius','℃',60,1,2,0,'2018-02-24 15:45:17',NULL,NULL,NULL),(286,136,60,'zdzt','Terminal status','','',60,5,NULL,0,'2018-02-24 15:45:17',NULL,NULL,NULL),(287,136,60,'rszt','Combustion status','','',60,5,NULL,0,'2018-02-24 15:45:17',NULL,NULL,NULL),(288,136,60,'bjzt','Alarm status','','',60,5,NULL,0,'2018-02-24 15:45:17',NULL,NULL,NULL),(289,137,61,'zqyl','Steam pressure','megapascals','MPa',60,1,2,0,'2018-02-24 15:47:45',NULL,NULL,NULL),(290,137,61,'zqwd','Steam temperature','degree Celsius','℃',60,1,2,0,'2018-02-24 15:47:45',NULL,NULL,NULL),(291,137,61,'zqssll','Instantaneous flow of steam','ton/hour','t/h',60,1,2,0,'2018-02-24 15:47:45',NULL,NULL,NULL),(292,137,61,'qbsw','Steam drum level','millimeter','mm',60,1,2,0,'2018-02-24 15:47:45',NULL,NULL,NULL),(293,137,61,'pywd','Smoke exhaust temperature','degree Celsius','℃',60,1,2,0,'2018-02-24 15:47:45',NULL,NULL,NULL),(294,137,61,'qlyl','Turn on pressure','megapascals','MPa',60,1,2,0,'2018-02-24 15:47:46',NULL,NULL,NULL),(295,137,61,'mbyl','Target pressure','megapascals','MPa',60,1,2,0,'2018-02-24 15:47:46',NULL,NULL,NULL),(296,137,61,'tlyl','Turn off pressure','megapascals','MPa',60,1,2,0,'2018-02-24 15:47:46',NULL,NULL,NULL),(297,137,61,'zdzt','Terminal status','','',60,5,NULL,0,'2018-02-24 15:47:46',NULL,NULL,NULL),(298,137,61,'rszt','Combustion status','','',60,5,NULL,0,'2018-02-24 15:47:46',NULL,NULL,NULL),(299,137,61,'bjzt','Alarm status','','',60,5,NULL,0,'2018-02-24 15:47:46',NULL,NULL,NULL),(300,138,62,'chswd','Supply and return water temperature','degree Celsius','℃',60,1,2,0,'2018-02-24 15:48:20',NULL,NULL,NULL),(301,138,62,'chsyl','Supply and return water pressure','megapascals','MPa',60,1,2,0,'2018-02-24 15:48:20',NULL,NULL,NULL),(302,138,62,'jqswd','Plenum temperature','degree Celsius','℃',60,1,2,0,'2018-02-24 15:48:20',NULL,NULL,NULL),(303,138,62,'lswd','Boiler water temperature','degree Celsius','℃',60,1,2,0,'2018-02-24 15:48:20',NULL,NULL,NULL),(304,138,62,'lsyl','Boiler water pressure','megapascals','MPa',60,1,2,0,'2018-02-24 15:48:20',NULL,NULL,NULL),(305,138,62,'pywd','Smoke exhaust temperature','degree Celsius','℃',60,1,2,0,'2018-02-24 15:48:20',NULL,NULL,NULL),(306,138,62,'qlhc','Turn on boiler return difference','degree Celsius','℃',60,1,2,0,'2018-02-24 15:48:20',NULL,NULL,NULL),(307,138,62,'kzwd','Controlled temperature','degree Celsius','℃',60,1,2,0,'2018-02-24 15:48:20',NULL,NULL,NULL),(308,138,62,'tlwd','Turn off temperature','degree Celsius','℃',60,1,2,0,'2018-02-24 15:48:20',NULL,NULL,NULL),(309,138,62,'cstlhc','Turn off boiler return difference','degree Celsius','℃',60,1,2,0,'2018-02-24 15:48:21',NULL,NULL,NULL),(310,138,62,'zdzt','Terminal status','','',60,5,NULL,0,'2018-02-24 15:48:21',NULL,NULL,NULL),(311,138,62,'rszt','Combustion status','','',60,5,NULL,0,'2018-02-24 15:48:21',NULL,NULL,NULL),(312,138,62,'bjzt','Alarm stat','','',60,5,NULL,0,'2018-02-24 15:48:21',NULL,NULL,NULL),(313,134,1,'名称改变不存在同名数据点','用来测试postman和cassandra的','次','哈哈哈',456456,6,5,0,'2018-03-02 14:05:32',0,'2018-03-02 14:46:14','开'),(314,132,56,'aaaa','dadadakhf','asa','fddfs',300,6,6,0,'2018-02-07 15:45:09',9,'2018-03-23 11:02:13',NULL),(322,132,56,'aaab','aa','dd','dfs',100,5,NULL,9,'2018-03-23 16:07:26',NULL,NULL,NULL),(325,135,59,'fffa','aada','da','dad',1800,0,NULL,9,'2018-03-29 15:22:51',NULL,NULL,NULL),(327,140,63,'aaa__123','a','a','a',1800,0,NULL,9,'2018-03-29 15:31:30',NULL,NULL,NULL),(336,140,63,'dirty_1','qqaz','qqaz','qqaz',123,6,4,9,'2018-03-29 17:00:36',2,'2018-03-29 19:55:50',NULL),(348,140,63,'aass','dasfras','f','f',42,2,NULL,9,'2018-03-29 18:19:35',2,'2018-03-29 20:00:30',NULL),(358,134,58,'temp','temperature','摄氏度','℃',1800,1,NULL,2,'2018-04-04 10:42:42',NULL,NULL,NULL);
/*!40000 ALTER TABLE `data_point_extra` ENABLE KEYS */;
UNLOCK TABLES;

--
-- Table structure for table `device`
--

DROP TABLE IF EXISTS `device`;
/*!40101 SET @saved_cs_client     = @@character_set_client */;
/*!40101 SET character_set_client = utf8 */;
CREATE TABLE `device` (
  `id` bigint(20) NOT NULL AUTO_INCREMENT COMMENT 'ID',
  `product_id` bigint(20) NOT NULL COMMENT '设备模型ID',
  `name` varchar(100) NOT NULL COMMENT '设备名称',
  `api_key` varchar(256) DEFAULT NULL COMMENT 'api key',
  `sn` varchar(100) DEFAULT NULL COMMENT '设备唯一标识',
  `mac` varchar(64) DEFAULT NULL COMMENT 'mac地址',
  `imei` varchar(64) DEFAULT NULL COMMENT 'imei',
  `description` varchar(256) DEFAULT NULL COMMENT '说明',
  `last_online_date` datetime DEFAULT NULL COMMENT '最后一次上线时间',
  `last_offline_date` datetime DEFAULT NULL COMMENT '最后一次下线时间',
  `create_by` bigint(20) NOT NULL COMMENT '创建者',
  `create_date` datetime NOT NULL COMMENT '创建时间',
  `update_by` bigint(20) DEFAULT NULL COMMENT '更新者',
  `update_date` datetime DEFAULT NULL COMMENT '更新时间',
  `device_status` tinyint(4) DEFAULT '1',
  PRIMARY KEY (`id`),
  UNIQUE KEY `name` (`name`,`product_id`),
  UNIQUE KEY `sn` (`sn`,`product_id`),
  UNIQUE KEY `mac` (`mac`,`product_id`),
  KEY `product_id` (`product_id`,`create_date`)
) ENGINE=InnoDB AUTO_INCREMENT=278 DEFAULT CHARSET=utf8 ROW_FORMAT=COMPACT COMMENT='设备';
/*!40101 SET character_set_client = @saved_cs_client */;

--
-- Dumping data for table `device`
--

LOCK TABLES `device` WRITE;
/*!40000 ALTER TABLE `device` DISABLE KEYS */;
INSERT INTO `device` VALUES (136,135,'reshuiguolu-1','bbiofGkX8QtR2LiuACvRqqLJXKB','test_001234567',NULL,NULL,'shengchanyongtu123456789',NULL,NULL,0,'2018-02-09 14:19:38',NULL,NULL,1),(138,135,'热水锅炉-1','CdobvcfWBUtFWatNHrMQC1nxaSj','SPweEsLpGdaUp5lX',NULL,NULL,'生产',NULL,NULL,0,'2018-02-09 16:40:32',NULL,NULL,1),(139,135,'热水锅炉-2','w74i4Sx4NNNspX5dPGTUfuNilM3','g9ZYbHdkB8HDLNt7',NULL,NULL,'生产',NULL,NULL,0,'2018-02-09 16:42:31',NULL,NULL,1),(140,135,'热水锅炉-3','QxC1PE06XRGCK1ic3rNwJGxjr4v','xiQaEZtkdz2XYEbG',NULL,NULL,'生产',NULL,NULL,0,'2018-02-09 16:42:44',NULL,NULL,1),(141,135,'热水锅炉-4','Ex6KOSvIuoZJrUHmHGLJQqJa0Vt','0FNMrZmMMdMPtdEq',NULL,NULL,'生产',NULL,NULL,0,'2018-02-09 16:43:02',NULL,NULL,1),(142,135,'热水锅炉-5','qrasnT8R0o1a4h2CetYvgjUJq1W','qCfAzjhNv1pKUuD4',NULL,NULL,'生产',NULL,NULL,0,'2018-02-09 16:43:25',NULL,NULL,1),(143,135,'热水锅炉-6','jXxCh3qprDvzNOthSggwcA7Uk3c','zMioBGU1VHckkLHd',NULL,NULL,'生产',NULL,NULL,0,'2018-02-09 16:43:39',NULL,NULL,1),(144,135,'热水锅炉-7','27m2Tg2veuQMJks7WoQ23VckkgO','Dh8FGpXNQUGqV63y',NULL,NULL,'生产',NULL,NULL,0,'2018-04-09 16:43:48',NULL,NULL,1),(145,135,'热水锅炉-8','rUPUhpQ5EPrk2Xpn43SBNnvtkZE','kBJvW8ufHXmxqFwV',NULL,NULL,'生产',NULL,NULL,0,'2018-02-09 16:44:00',NULL,NULL,1),(146,135,'热水锅炉-9','WSujBZaaqVX9kPotxJRv5Uuxeos','AZ5ae0anpFqIpfq0',NULL,NULL,'生产',NULL,NULL,0,'2018-02-09 16:44:10',NULL,NULL,1),(147,135,'热水锅炉-10','sQcqWnTwRUr4JRnNoMpiqIE7a9j','K2x35UhtsQtSKcxH',NULL,NULL,'生产',NULL,NULL,0,'2018-02-09 16:44:30',NULL,NULL,1),(148,134,'蒸汽锅炉-1','Kho0T5qaHrnyW9CZvzzoSsRDDSP','dS2uJIk7WhVALX2B',NULL,NULL,'生产',NULL,NULL,0,'2018-02-09 16:47:29',NULL,NULL,1),(149,134,'蒸汽锅炉-2','bJwB4FqCWQ2sZb0q63tUpXZK7RP','UjjFjuH63dsX2lHo',NULL,NULL,'生产',NULL,NULL,0,'2018-02-09 16:47:55',NULL,NULL,1),(150,134,'蒸汽锅炉-3','Kt01omNq7juybxjJ2H89GRDbPjU','fKhGxtDEVH7CTXzv',NULL,NULL,'生产',NULL,NULL,0,'2018-02-09 16:48:08',NULL,NULL,1),(151,134,'蒸汽锅炉-4','XEofoIRc7ZE9EJhDJGwf8LVG9Ck','u16UH4lBxG8Lq1lN',NULL,NULL,'生产',NULL,NULL,0,'2018-02-09 16:48:19',NULL,NULL,1),(152,134,'蒸汽锅炉-5','VAeP82ZOC3Tg893SWRZjHWopzkw','XRFzbEXAd9WJTcNX',NULL,NULL,'生产',NULL,NULL,0,'2018-02-09 16:48:29',NULL,NULL,1),(153,134,'蒸汽锅炉-6','qGsmBM0ZzDuOgIIchf1MSYcQkFI','Nxqaio7eGrJ6zAKY',NULL,NULL,'生产',NULL,NULL,0,'2018-02-09 16:48:41',NULL,NULL,1),(154,134,'蒸汽锅炉-7','yvxdo6abkQGlR95R1U55QJOBznb','tu2bfEzIGRpLKwNu',NULL,NULL,'生产',NULL,NULL,0,'2018-02-09 16:48:50',NULL,NULL,1),(155,134,'蒸汽锅炉-8','2PfWXgx9dkdwW9lbC4wPsIPARua','c83BqUF2cMOjdO4n',NULL,NULL,'生产',NULL,NULL,0,'2018-02-09 16:49:00',NULL,NULL,1),(156,134,'蒸汽锅炉-9','RNZBmX39gAn21Aba89pd5GkLTgg','e4Z9JuebUagVG4sv',NULL,NULL,'生产',NULL,NULL,0,'2018-02-09 16:49:07',NULL,NULL,1),(157,134,'蒸汽锅炉-10','evHCJ81dvGnWpCrUGLUIWyeLLat','4REzuzYWKc7Fj2NS',NULL,NULL,'生产',NULL,NULL,0,'2018-02-09 16:49:15',NULL,NULL,1),(158,132,'真空锅炉-1',NULL,'2oM88coMsyWXG7LC',NULL,NULL,'生产',NULL,NULL,0,'2018-02-09 16:51:11',NULL,NULL,1),(159,132,'真空锅炉-2',NULL,'39Q5lNPuPFOVWfx8',NULL,NULL,'生产',NULL,NULL,0,'2018-02-09 16:51:37',NULL,NULL,1),(160,132,'真空锅炉-3',NULL,'TjuXH2pJif7GsHyJ',NULL,NULL,'生产',NULL,NULL,0,'2018-02-09 16:51:49',NULL,NULL,1),(161,132,'真空锅炉-4',NULL,'1LC3nJkqU6Hd3G11',NULL,NULL,'生产',NULL,NULL,0,'2018-02-09 16:52:06',NULL,NULL,1),(162,132,'真空锅炉-5',NULL,'dz8tJ6bMWZnZRlf2',NULL,NULL,'生产',NULL,NULL,0,'2018-02-09 16:52:17',NULL,NULL,1),(163,132,'真空锅炉-6',NULL,'XKdXAm8GgpD4ediu',NULL,NULL,'生产',NULL,NULL,0,'2018-02-09 16:52:26',NULL,NULL,1),(164,132,'真空锅炉-7',NULL,'LHrqvg8DPfc3QGgt',NULL,NULL,'生产',NULL,NULL,0,'2018-02-09 16:52:38',NULL,NULL,1),(165,132,'真空锅炉-8',NULL,'Wm21GkEpUAtlJ9jN',NULL,NULL,'生产',NULL,NULL,0,'2018-02-09 16:52:48',NULL,NULL,1),(166,132,'真空锅炉-9',NULL,'Ef8LIKfNiwNCe38t',NULL,NULL,'生产',NULL,NULL,0,'2018-02-09 16:52:56',NULL,NULL,1),(167,132,'真空锅炉-10',NULL,'PVrGdexCKfOlnqBR',NULL,NULL,'生产',NULL,NULL,0,'2018-02-09 16:53:06',NULL,NULL,1),(168,135,'guolu890','zKLdFuxVOMW33j8QIMiQlIDFzDL','guolu890',NULL,NULL,'生产',NULL,NULL,0,'2018-02-11 14:05:18',NULL,NULL,1),(169,135,'afafaf','2qNJyQjBNNglGjmJDhaWlEiUc1p','guolu3456',NULL,NULL,'tms',NULL,NULL,0,'2018-02-11 14:51:12',NULL,NULL,1),(170,135,'guolu09876','7mtvhk7NjSI2dH9629EYStP34Pt','guolu09876',NULL,NULL,'tmssdf',NULL,NULL,0,'2018-02-11 14:53:54',NULL,NULL,1),(171,134,'vapor-boiler','qtya5ETweVZU2S4Bnm8FsohBwEC','vapor-boiler-1',NULL,NULL,'蒸汽',NULL,NULL,0,'2018-02-11 15:00:18',NULL,NULL,1),(172,135,'hoterboiler112','4cJGqyTmJaLFtoioEkC9K8z7U8P','hotBoiler',NULL,NULL,'啊发发发',NULL,NULL,0,'2018-02-11 15:18:15',NULL,NULL,1),(173,135,'热水锅炉-板子','kkehtKrcOJdTXycM1cnfg8azNCV','reshuiguolu-021101',NULL,NULL,'取暖',NULL,NULL,0,'2018-02-11 15:23:29',NULL,NULL,1),(174,134,'z蒸汽锅炉234','ZBmNqDCKmmANfeFPfb7soIV29IH','guolu678909',NULL,NULL,'战旗',NULL,NULL,0,'2018-02-11 15:58:39',NULL,NULL,1),(175,136,'wser','MgzVkacDxyKgu6KJN57tXyO5XxS','2',NULL,NULL,'wer',NULL,NULL,0,'2018-02-24 17:37:46',NULL,NULL,1),(177,136,'twaetsteba','x0zS2tZWXoKjpbSgU3dUxwNSIy6','wet',NULL,NULL,'ertg',NULL,NULL,0,'2018-02-24 17:39:26',NULL,NULL,1),(178,136,'Hot water boiler-1','ZlG5JoiIZNN4kCbY77X318LUuZ0','gKylNyojXszEhmI9v',NULL,NULL,'produce',NULL,NULL,0,'2018-02-24 17:48:05',NULL,NULL,0),(179,136,'Hot water boiler-2','W9bDjg4sIE3UOnWXH6f4BOa6Zm4','Y6oyWz948AjyfqX0t',NULL,NULL,'produce',NULL,NULL,0,'2018-02-24 17:53:17',NULL,NULL,0),(180,136,'Hot water boiler-3','w3o46wyxWIIwM08EW6VWAz7iog7','AK6Tb0OjzrSe3HzBHLG',NULL,NULL,'produce',NULL,NULL,0,'2018-02-24 17:55:09',NULL,NULL,0),(181,136,'Hot water boiler-4','XE3pOBmpnBLHCdNbohJ901wsvu8','pXxJ91zuawF7aK90Mq',NULL,NULL,'produce',NULL,NULL,0,'2018-02-24 17:56:58',NULL,NULL,0),(182,136,'Hot water boiler-5','eScJumGzzxqpmgDXpjb1F3V50pX','usL6bRp9V57XCXydVl',NULL,NULL,'produce',NULL,NULL,0,'2018-02-24 18:00:08',NULL,NULL,0),(183,137,'Steam boiler-1','0yDOHXqLXA46ucgxskFLM00MK4B','gO9TWbkJrfIYmVx4N',NULL,NULL,'produce',NULL,NULL,0,'2018-02-24 18:08:26',NULL,NULL,0),(184,137,'Steam boiler-2','V0ztHFK1SFNc4ks4hDlRtq97DiN','3Ayt2Zz3TMbQSBNP2j2',NULL,NULL,'produce',NULL,NULL,0,'2018-02-24 18:10:23',NULL,NULL,0),(185,137,'Steam boiler-3','4EjofMcHO8zwa1QSj75K0C0gNIB','Y2fHc9IAYCXLchQMxeu',NULL,NULL,'produce',NULL,NULL,0,'2018-02-24 18:11:49',NULL,NULL,0),(186,137,'Steam boiler-4','EP7pJOPFOIGOfeAO9A74iIeKe6H','arxIKtsu82GO07W5t',NULL,NULL,'produce',NULL,NULL,0,'2018-02-24 18:13:51',NULL,NULL,0),(187,137,'Steam boiler-5','mrE4e7FygtwBGVfakG9p5rXGymq','lksPqPIjYdg6fD2C8o',NULL,NULL,'produce',NULL,NULL,0,'2018-02-24 18:15:38',NULL,NULL,0),(188,138,'Vacuum boiler-1','gdtGMkpNO4RRNsPgK2SxRZBOMYn','Re3CZrvnbsCIc3simK',NULL,NULL,'produce',NULL,NULL,0,'2018-02-24 18:16:59',NULL,NULL,0),(189,138,'Vacuum boiler-2','2Ze8kZkcAS503RS94rtF8xneF4k','CPJVgL1YVJiEZj09RD',NULL,NULL,'produce',NULL,NULL,0,'2018-02-24 18:18:07',NULL,NULL,0),(190,138,'Vacuum boiler-3','bEzxOjXn6F2PB88a2UfZpWi2VOy','DB6dTAbqDl3hYudB33',NULL,NULL,'produce',NULL,NULL,0,'2018-02-24 18:19:04',NULL,NULL,0),(191,138,'Vacuum boiler-4','RwBu3ZtQ5rxb8t3EhAdNagMXmrn','qvWZoYzEas5PMXqTnf',NULL,NULL,'produce',NULL,NULL,0,'2018-02-24 18:19:55',NULL,NULL,0),(192,138,'Vacuum boiler-5','IUJacn5w55uJaKZj5TLBQJ6yeXx','TseU0EUwGx8sANp63X',NULL,NULL,'produce',NULL,NULL,0,'2018-02-24 18:21:05',NULL,NULL,0),(193,135,'热水锅炉1号','iC6fRLRSvRuSy0irmvIVOy5pswD','HOT-BOILER-01',NULL,NULL,'加热',NULL,NULL,0,'2018-02-26 11:41:32',NULL,NULL,1),(196,134,'fdsafa23423','iga2mPqqJUanDbqLLoPfLhKRIBw','fdsafsafas232',NULL,NULL,'fdsafsa',NULL,NULL,0,'2018-02-27 15:33:32',NULL,NULL,1),(197,136,'boiler-0987','esSLweF3MxyNaZXKm65YwQ83DF0','boiler-098',NULL,NULL,'加热',NULL,NULL,0,'2018-03-05 10:43:57',NULL,NULL,1),(198,137,'boiler-555','bVB6t2V8EMYKNxSwBBkOkPviL43','boiler-555',NULL,NULL,'123',NULL,NULL,0,'2018-03-05 10:57:13',NULL,NULL,1),(199,137,'boielr-66','yIpUNRdiBEJ4o5MlUWG7WS2Fd9W','boielr-66',NULL,NULL,'345',NULL,NULL,0,'2018-03-05 11:06:07',NULL,NULL,1),(200,138,'bvoiler-098723','t0c4bvHQCUzNPrmLD5JmwYslxPv','bvoiler-098723',NULL,NULL,'1234',NULL,NULL,0,'2018-03-05 11:07:41',NULL,NULL,1),(202,137,'boiler-010','KKnlQGgTp8l2CsQOPnvsbG6LWNM','boiler-010',NULL,NULL,'vapor',NULL,NULL,0,'2018-03-05 16:00:55',NULL,NULL,1),(203,136,'boiler--080','x2NImcl2mUnGSXLwKUFwrZSvLzK','boiler--080',NULL,NULL,'加热',NULL,NULL,0,'2018-03-05 16:19:04',NULL,NULL,1),(204,136,'hot-boiler-211','N4TMNBgeMRsqH3eNoNUIQoq0gUO','hot-boiler-211',NULL,NULL,'hot',NULL,NULL,0,'2018-03-05 16:23:41',NULL,NULL,1),(205,136,'boiler-8765','OB3g6doAgpcuvDZiymoWWm1j1iy','boiler-8765',NULL,NULL,'hot',NULL,NULL,0,'2018-03-05 16:30:08',NULL,NULL,1),(206,136,'ceeA','VtrXXHbfGbEel0K0Z6QE0O8uesd','cee',NULL,NULL,'1',NULL,NULL,0,'2018-03-07 11:08:55',NULL,NULL,1),(207,138,'cee2','bDPNtwIhcaj6RwJeBK2fScON5YL','cee',NULL,NULL,'1',NULL,NULL,0,'2018-03-07 11:58:52',NULL,NULL,1),(208,134,'steam boiler 100','MSoGEn1AiAbLFretmC36UF6l9RQ','steam boiler 100',NULL,NULL,'蒸汽',NULL,NULL,0,'2018-03-07 13:27:33',NULL,NULL,1),(210,136,'testguolu','DCZSKZzWAJDBDOrninJzzenU0A4','no9009',NULL,NULL,'11',NULL,NULL,0,'2018-03-08 10:44:09',NULL,NULL,1),(211,136,'test9000','aPHnNoti5Z8FIM1zim9Mre2v9sZ','no9000',NULL,NULL,'1111111111',NULL,NULL,0,'2018-03-08 11:51:42',NULL,NULL,1),(212,136,'test09999','FDqfXZviwXrcwMtOMognJU40nj8','no1111',NULL,NULL,'111',NULL,NULL,0,'2018-03-08 12:57:05',NULL,NULL,1),(213,136,'test00003','pypV8V2XmGEiylTW9BSfVjVxZPW','no000003',NULL,NULL,'1',NULL,NULL,0,'2018-03-08 13:09:08',NULL,NULL,1),(214,136,'name70003','RCWF2IhHcX0Prh4YrTnuRx2W8g5','no700003',NULL,NULL,'1',NULL,NULL,0,'2018-03-08 13:11:59',NULL,NULL,1),(215,136,'hot-boiler-123','eALXgOrS4J4O0qSl0TeppTUk0fd','hot-boiler-123',NULL,NULL,'hot',NULL,NULL,0,'2018-03-08 14:25:48',NULL,NULL,1),(216,137,'steam-boiler-090','apjeWNmtiVVGBczKnnzs2l2Rapu','steam-boiler-090',NULL,NULL,'steam',NULL,NULL,0,'2018-03-08 14:36:37',NULL,NULL,1),(217,136,'7001boli','E64HdzBaYNX3iHp34cXEX25MBPf','no7001',NULL,NULL,'1',NULL,NULL,0,'2018-03-08 18:23:32',NULL,NULL,1),(246,143,'test','z2Znorqcs1VNNkKVBEqvJKBNs80','test',NULL,NULL,'test',NULL,NULL,3,'2018-03-27 11:50:23',NULL,NULL,1),(248,145,'device-1','sjEfc9eYbb4SHR2sP71yEFxBwcS','100001001',NULL,NULL,'设备一',NULL,NULL,2,'2018-04-02 17:31:29',NULL,NULL,1),(249,146,'test','1bBTzs5Qx8sbGblZMQoAbVumoHu','test',NULL,NULL,'edt',NULL,NULL,3,'2018-04-03 14:03:32',NULL,NULL,1),(250,146,'deviceName700','6Mgh4LwtxbjsN9oOy5NUplE5n6z','SNdfiwh66ewt',NULL,NULL,'device for simulator01',NULL,NULL,2,'2018-04-03 14:24:57',NULL,NULL,1),(251,146,'deviceName701','BdKJ2vkqAj4jdS68A8OB8YRqf6u','SNdfiwh67ewt',NULL,NULL,'device for simulator02',NULL,NULL,2,'2018-04-03 14:24:58',NULL,NULL,1),(252,146,'deviceName702','VfHOfB8pkwnG3s2Y8BEuG6srlfx','SNdfiwh68ewt',NULL,NULL,'device for simulator03',NULL,NULL,2,'2018-04-03 14:24:58',NULL,NULL,1),(253,146,'test1','SfgmJFau63WYdMd296jcmSBhEzC','SNdfiwh69ewt',NULL,NULL,'device for simulator04',NULL,NULL,2,'2018-04-03 14:24:58',NULL,NULL,1),(254,146,'deviceName704','rQP4tVGjPUIKC089G5KYcikwxmV','SNdfiwh70ewt',NULL,NULL,'',NULL,NULL,2,'2018-04-03 14:24:59',NULL,NULL,1),(255,146,'deviceName705','o3vAgF5pLJqedWliGJYTppcqHKy','SNdfiwh71ewt',NULL,NULL,'device for simulator06',NULL,NULL,2,'2018-04-03 14:24:59',NULL,NULL,1),(256,146,'deviceName706','R20BZsk0Rcqkiwopa9yR553FLGK','SNdfiwh72ewt',NULL,NULL,'device for simulator07',NULL,NULL,2,'2018-04-03 14:25:00',NULL,NULL,1),(257,146,'deviceName707','sxTQAV58elKf1FAkBmMjqBQiL78','SNdfiwh73ewt',NULL,NULL,'device for simulator08',NULL,NULL,2,'2018-04-03 14:25:00',NULL,NULL,1),(258,146,'deviceName708','6R43b7SgmdixCmWFPjEmspoJVFn','SNdfiwh74ewt',NULL,NULL,'',NULL,NULL,2,'2018-04-03 14:25:00',NULL,NULL,1),(259,146,'deviceName709','n2XiHTQfOAuGdQjkARm4WjcBxMB','SNdfiwh75ewt',NULL,NULL,'device for simulator10',NULL,NULL,2,'2018-04-03 14:25:01',NULL,NULL,1),(260,174,'test','omZtg1n8ll6hJcaPhWAqMxux7wi','test',NULL,NULL,'test',NULL,NULL,3,'2018-04-03 15:25:57',NULL,NULL,1),(261,173,'deviceName700','eRKp2NoaRS1b5OKS0eyaxqoacYo','SNdfiwh66ewt',NULL,NULL,'device for simulator01',NULL,NULL,2,'2018-04-03 16:34:24',NULL,NULL,1),(262,173,'deviceName701','1sGCTyMAOdihzZwoQdQ9okDMmro','SNdfiwh67ewt',NULL,NULL,'device for simulator02',NULL,NULL,2,'2018-04-03 16:34:24',NULL,NULL,1),(263,173,'deviceName702','IBsENfVqcw3DL3yWl8JTdWTHaje','SNdfiwh68ewt',NULL,NULL,'device for simulator03',NULL,NULL,2,'2018-04-03 16:34:25',NULL,NULL,1),(264,173,'fffffffff','KSA10MTtyQw8dG0AiwgwzSjgNQ6','SNdfiwh69ewt',NULL,NULL,'device for simulator04',NULL,NULL,2,'2018-04-03 16:34:25',NULL,NULL,1),(265,173,'deviceName704','khL62xByRJgakbrrvsgg7HDJguM','SNdfiwh70ewt',NULL,NULL,'',NULL,NULL,2,'2018-04-03 16:34:26',NULL,NULL,1),(266,173,'deviceName705','glGUqkuc0Xjf0ZT1EZ3xR7wOivh','SNdfiwh71ewt',NULL,NULL,'device for simulator06',NULL,NULL,2,'2018-04-03 16:34:26',NULL,NULL,1),(267,173,'deviceName706','0Em2J3KDpeb4pzQwjSrf968dOGn','SNdfiwh72ewt',NULL,NULL,'device for simulator07',NULL,NULL,2,'2018-04-03 16:34:26',NULL,NULL,1),(269,173,'deviceName708','rSeWwW50VGIo1xrpsV9LKvNC5PL','SNdfiwh74ewt',NULL,NULL,'',NULL,NULL,2,'2018-04-03 16:34:27',NULL,NULL,1),(270,173,'deviceName709','LYVC3osBybv6L6r6hKfF4tRDRS5','SNdfiwh75ewt',NULL,NULL,'device for simulator10',NULL,NULL,2,'2018-04-03 16:34:28',NULL,NULL,1),(272,175,'unrte','OvHSB6G5InXl92xFXgqs153wItU','bdfg',NULL,NULL,'bndgf',NULL,NULL,3,'2018-04-04 15:52:39',NULL,NULL,1),(273,175,'jhbm','1PCnL2IKcSGQkXU0T5CuSkhSde5','nm',NULL,NULL,'nmjh',NULL,NULL,3,'2018-04-04 15:52:52',NULL,NULL,1),(274,176,'zzzz','K2H4KaN0PitWylJJamkcYhzekE1','xxxx',NULL,NULL,'cccc',NULL,NULL,341,'2018-04-04 17:11:18',NULL,NULL,1),(275,134,'123456789012345678901234567890','dxIncvmTXmOc2zIoObYz0QuAW9t','1234567890',NULL,NULL,'其味无穷无',NULL,NULL,2,'2018-04-08 15:45:31',NULL,NULL,1),(276,179,'test',NULL,'sn',NULL,NULL,'desc',NULL,NULL,351,'2018-04-08 16:08:06',NULL,NULL,1),(277,138,'11212','3RMW1woEF4y0DzEUfAZwhuPLA7H','12',NULL,NULL,'12',NULL,NULL,41,'2018-04-11 14:13:17',NULL,NULL,1);
/*!40000 ALTER TABLE `device` ENABLE KEYS */;
UNLOCK TABLES;

--
-- Table structure for table `device_model`
--

DROP TABLE IF EXISTS `device_model`;
/*!40101 SET @saved_cs_client     = @@character_set_client */;
/*!40101 SET character_set_client = utf8 */;
CREATE TABLE `device_model` (
  `id` bigint(20) NOT NULL AUTO_INCREMENT COMMENT '设备模型ID',
  `product_id` bigint(20) NOT NULL COMMENT '产品ID',
  `longitude` varchar(100) DEFAULT NULL COMMENT '经度数据点名称',
  `laitude` varchar(100) DEFAULT NULL COMMENT '纬度数据点名称',
  `create_by` bigint(20) NOT NULL COMMENT '创建者',
  `create_date` datetime NOT NULL COMMENT '创建时间',
  `update_by` bigint(20) DEFAULT NULL COMMENT '更新者',
  `update_date` datetime DEFAULT NULL COMMENT '更新时间',
  PRIMARY KEY (`id`),
  KEY `product_id` (`product_id`)
) ENGINE=InnoDB AUTO_INCREMENT=112 DEFAULT CHARSET=utf8 ROW_FORMAT=COMPACT COMMENT='设备模型';
/*!40101 SET character_set_client = @saved_cs_client */;

--
-- Dumping data for table `device_model`
--

LOCK TABLES `device_model` WRITE;
/*!40000 ALTER TABLE `device_model` DISABLE KEYS */;
INSERT INTO `device_model` VALUES (2,78,'电流','电压',2,'2018-02-03 10:30:33',NULL,NULL),(4,80,'标记经度','标记纬度',2,'2018-02-03 13:22:51',NULL,NULL),(5,81,NULL,NULL,2,'2018-02-03 13:25:18',NULL,NULL),(7,83,NULL,NULL,2,'2018-02-03 13:50:24',NULL,NULL),(9,85,NULL,NULL,2,'2018-02-03 13:54:16',NULL,NULL),(11,87,NULL,NULL,2,'2018-02-03 14:18:15',NULL,NULL),(14,90,NULL,NULL,2,'2018-02-03 14:26:59',NULL,NULL),(15,91,NULL,NULL,2,'2018-02-03 14:41:27',NULL,NULL),(22,98,NULL,NULL,2,'2018-02-03 14:55:34',NULL,NULL),(24,100,NULL,NULL,2,'2018-02-03 15:08:58',NULL,NULL),(25,101,NULL,NULL,2,'2018-02-03 15:10:57',NULL,NULL),(26,102,NULL,NULL,2,'2018-02-03 15:11:11',NULL,NULL),(27,103,NULL,NULL,2,'2018-02-03 15:13:46',NULL,NULL),(34,110,NULL,NULL,2,'2018-02-03 15:24:13',NULL,NULL),(35,111,NULL,NULL,2,'2018-02-03 15:25:56',NULL,NULL),(36,112,NULL,NULL,2,'2018-02-03 15:27:29',NULL,NULL),(37,113,NULL,NULL,2,'2018-02-03 17:19:38',NULL,NULL),(38,114,NULL,NULL,2,'2018-02-03 17:19:59',NULL,NULL),(39,115,NULL,NULL,2,'2018-02-03 17:22:48',NULL,NULL),(40,116,NULL,NULL,2,'2018-02-03 18:06:25',NULL,NULL),(41,117,NULL,NULL,0,'2018-02-03 20:07:11',NULL,NULL),(42,118,NULL,NULL,0,'2018-02-03 20:08:28',NULL,NULL),(43,119,NULL,NULL,0,'2018-02-03 20:49:28',NULL,NULL),(45,121,NULL,NULL,0,'2018-02-03 20:58:16',NULL,NULL),(46,122,NULL,NULL,0,'2018-02-03 20:59:49',NULL,NULL),(47,123,NULL,NULL,0,'2018-02-03 21:05:31',NULL,NULL),(48,124,NULL,NULL,0,'2018-02-03 21:15:14',NULL,NULL),(49,125,NULL,NULL,0,'2018-02-03 21:19:31',NULL,NULL),(50,126,NULL,NULL,0,'2018-02-06 15:28:00',NULL,NULL),(51,127,NULL,NULL,0,'2018-02-06 15:31:25',NULL,NULL),(52,128,NULL,NULL,0,'2018-02-06 15:35:43',NULL,NULL),(54,130,NULL,NULL,0,'2018-02-07 15:41:35',NULL,NULL),(55,131,NULL,NULL,0,'2018-02-07 15:43:36',NULL,NULL),(56,132,NULL,NULL,0,'2018-02-07 15:45:09',NULL,NULL),(57,133,NULL,NULL,0,'2018-02-07 16:27:45',NULL,NULL),(58,134,'mbyl','qbsw',0,'2018-02-07 16:44:30',2,'2018-04-08 11:18:16'),(59,135,'chsll','chswd',0,'2018-02-07 16:48:17',2,'2018-04-04 18:16:37'),(60,136,NULL,NULL,0,'2018-02-24 15:45:17',NULL,NULL),(61,137,NULL,NULL,0,'2018-02-24 15:47:45',NULL,NULL),(62,138,NULL,NULL,0,'2018-02-24 15:48:20',NULL,NULL),(65,142,NULL,NULL,1,'2018-03-16 16:23:41',NULL,NULL),(77,155,NULL,NULL,2,'2018-03-27 18:16:56',NULL,NULL),(92,170,NULL,NULL,2,'2018-03-29 13:47:54',NULL,NULL),(108,186,NULL,NULL,2,'2018-04-08 17:50:26',NULL,NULL),(111,189,NULL,NULL,2,'2018-04-12 14:42:04',NULL,NULL);
/*!40000 ALTER TABLE `device_model` ENABLE KEYS */;
UNLOCK TABLES;

--
-- Table structure for table `device_realtime_data`
--

DROP TABLE IF EXISTS `device_realtime_data`;
/*!40101 SET @saved_cs_client     = @@character_set_client */;
/*!40101 SET character_set_client = utf8 */;
CREATE TABLE `device_realtime_data` (
  `id` bigint(20) NOT NULL AUTO_INCREMENT COMMENT '主键',
  `tenant_id` bigint(20) NOT NULL COMMENT '租户id',
  `product_id` bigint(20) NOT NULL COMMENT '产品id',
  `device_id` bigint(20) NOT NULL,
  `key` varchar(50) NOT NULL,
  `value` varchar(50) DEFAULT NULL,
  `time` datetime DEFAULT NULL,
  PRIMARY KEY (`id`),
  UNIQUE KEY `unique_device_key` (`device_id`,`key`) USING BTREE
) ENGINE=InnoDB DEFAULT CHARSET=utf8 COMMENT='设备实时数据';
/*!40101 SET character_set_client = @saved_cs_client */;

--
-- Dumping data for table `device_realtime_data`
--

LOCK TABLES `device_realtime_data` WRITE;
/*!40000 ALTER TABLE `device_realtime_data` DISABLE KEYS */;
/*!40000 ALTER TABLE `device_realtime_data` ENABLE KEYS */;
UNLOCK TABLES;

--
-- Table structure for table `device_trigger`
--

DROP TABLE IF EXISTS `device_trigger`;
/*!40101 SET @saved_cs_client     = @@character_set_client */;
/*!40101 SET character_set_client = utf8 */;
CREATE TABLE `device_trigger` (
  `id` bigint(20) NOT NULL AUTO_INCREMENT COMMENT 'ID',
  `product_id` bigint(20) NOT NULL COMMENT '产品ID',
  `name` varchar(100) NOT NULL COMMENT '触发器名称',
  `create_by` bigint(20) NOT NULL COMMENT '创建者',
  `create_date` datetime NOT NULL COMMENT '创建时间',
  PRIMARY KEY (`id`),
  UNIQUE KEY `product_name` (`product_id`,`name`)
) ENGINE=InnoDB AUTO_INCREMENT=47 DEFAULT CHARSET=utf8 ROW_FORMAT=COMPACT COMMENT='触发器';
/*!40101 SET character_set_client = @saved_cs_client */;

--
-- Dumping data for table `device_trigger`
--

LOCK TABLES `device_trigger` WRITE;
/*!40000 ALTER TABLE `device_trigger` DISABLE KEYS */;
INSERT INTO `device_trigger` VALUES (2,132,'test trigger2',1,'2018-03-27 16:26:44'),(3,132,'test trigger3-1',1,'2018-03-27 16:38:31'),(4,132,'test trigger4',1,'2018-03-28 10:16:28'),(8,132,'test trigger51',1,'2018-03-29 17:29:00'),(9,132,'test trigger6-1',1,'2018-03-29 17:42:52'),(10,132,'test trigger7',1,'2018-04-02 13:44:23'),(11,132,'test trigger8',1,'2018-04-02 13:50:23'),(15,135,'t-trigger1-1',2,'2018-04-03 10:49:04'),(16,135,'t-trigger2-2',2,'2018-04-03 13:07:38'),(32,134,'群组2触发器',2,'2018-04-08 11:08:29'),(38,134,'锅炉触发器',2,'2018-04-08 15:42:58'),(39,138,'trigger-one',41,'2018-04-08 16:01:23'),(40,138,'trigger-2',41,'2018-04-08 16:02:28'),(41,135,'trigger3',2,'2018-04-10 13:35:46'),(42,135,'trigger4',2,'2018-04-10 13:36:05'),(43,135,'trigger5',2,'2018-04-10 13:36:22'),(44,135,'trigger6',2,'2018-04-10 13:36:35'),(45,138,'group-5-触发器',41,'2018-04-11 14:01:13'),(46,135,'trigger7',2,'2018-04-12 11:27:58');
/*!40000 ALTER TABLE `device_trigger` ENABLE KEYS */;
UNLOCK TABLES;

--
-- Table structure for table `device_trigger_condition`
--

DROP TABLE IF EXISTS `device_trigger_condition`;
/*!40101 SET @saved_cs_client     = @@character_set_client */;
/*!40101 SET character_set_client = utf8 */;
CREATE TABLE `device_trigger_condition` (
  `id` bigint(20) NOT NULL AUTO_INCREMENT COMMENT 'ID',
  `trigger_id` bigint(20) NOT NULL COMMENT '触发器ID',
  `left_operand` varchar(256) NOT NULL COMMENT '左操作数表达式，例如${data_point1}*2000',
  `operator` tinyint(4) NOT NULL COMMENT '操作符(0:＝,1:>,2:<,3:>=,4:<=,5:<>)',
  `right_operand` varchar(256) NOT NULL COMMENT '右操作数表达式，例如${data_point3}+2000',
  `connect_type` tinyint(4) DEFAULT '0' COMMENT '连接方式(0:与,1:或)',
  `create_by` bigint(20) NOT NULL COMMENT '创建者',
  `create_date` datetime NOT NULL COMMENT '创建时间',
  PRIMARY KEY (`id`),
  KEY `trigger_id` (`trigger_id`)
) ENGINE=InnoDB AUTO_INCREMENT=32 DEFAULT CHARSET=utf8 ROW_FORMAT=COMPACT COMMENT='触发器触发条件';
/*!40101 SET character_set_client = @saved_cs_client */;

--
-- Dumping data for table `device_trigger_condition`
--

LOCK TABLES `device_trigger_condition` WRITE;
/*!40000 ALTER TABLE `device_trigger_condition` DISABLE KEYS */;
INSERT INTO `device_trigger_condition` VALUES (1,1,'${data_point}',1,'15',0,1,'2018-03-14 14:35:51'),(2,2,'${bjzt}',1,'25',NULL,1,'2018-03-27 16:26:44'),(3,3,'${bjzt}',1,'30',0,1,'2018-03-27 16:38:31'),(4,4,'${chswd}',1,'31',0,1,'2018-03-28 10:16:28'),(7,8,'${cstlhc}',3,'12',0,1,'2018-03-29 17:29:00'),(8,9,'${jqswd}',5,'12',0,1,'2018-03-29 17:42:52'),(9,10,'${bjzt}',1,'17',0,1,'2018-04-02 13:44:23'),(10,11,'${bjzt}',1,'18',0,1,'2018-04-02 13:50:23'),(13,15,'${bjzt}',1,'15',0,2,'2018-04-03 10:49:04'),(14,16,'${bjzt}',1,'12',0,2,'2018-04-03 13:07:38'),(21,32,'${qlyl}',1,'1',0,2,'2018-04-08 11:08:29'),(23,38,'${qlyl}',1,'1',0,2,'2018-04-08 15:42:58'),(24,39,'${bjzt}',1,'1',0,41,'2018-04-08 16:01:23'),(25,40,'${bjzt}',3,'1',0,41,'2018-04-08 16:02:28'),(26,41,'${bjzt}',1,'1',0,2,'2018-04-10 13:35:46'),(27,42,'${bjzt}',1,'1',0,2,'2018-04-10 13:36:05'),(28,43,'${bjzt}',1,'1',0,2,'2018-04-10 13:36:22'),(29,44,'${bjzt}',1,'1',0,2,'2018-04-10 13:36:35'),(30,45,'${chswd}',1,'100',0,41,'2018-04-11 14:01:13'),(31,46,'${chswd}',1,'11',0,2,'2018-04-12 11:27:58');
/*!40000 ALTER TABLE `device_trigger_condition` ENABLE KEYS */;
UNLOCK TABLES;

--
-- Table structure for table `device_trigger_object`
--

DROP TABLE IF EXISTS `device_trigger_object`;
/*!40101 SET @saved_cs_client     = @@character_set_client */;
/*!40101 SET character_set_client = utf8 */;
CREATE TABLE `device_trigger_object` (
  `id` bigint(20) NOT NULL AUTO_INCREMENT COMMENT 'ID',
  `trigger_id` bigint(20) NOT NULL COMMENT '触发器ID',
  `object_type` tinyint(4) DEFAULT '0' COMMENT '类型(0:设备,1:设备组,2:全部设备)',
  `object_id` bigint(20) NOT NULL COMMENT '设备ID或者设备组id，当类型是设备组，0代表所有设备',
  `create_by` bigint(20) NOT NULL COMMENT '创建者',
  `create_date` datetime NOT NULL COMMENT '创建时间',
  PRIMARY KEY (`id`),
  UNIQUE KEY `trigger_id` (`trigger_id`,`object_type`,`object_id`)
) ENGINE=InnoDB AUTO_INCREMENT=32 DEFAULT CHARSET=utf8 ROW_FORMAT=COMPACT COMMENT='触发器作用对象';
/*!40101 SET character_set_client = @saved_cs_client */;

--
-- Dumping data for table `device_trigger_object`
--

LOCK TABLES `device_trigger_object` WRITE;
/*!40000 ALTER TABLE `device_trigger_object` DISABLE KEYS */;
INSERT INTO `device_trigger_object` VALUES (1,2,0,136,1,'2018-03-27 16:26:44'),(2,3,1,18,1,'2018-03-27 16:38:31'),(3,4,2,0,1,'2018-03-28 10:16:28'),(7,8,2,0,1,'2018-03-29 17:29:00'),(8,9,2,0,1,'2018-03-29 17:42:52'),(9,10,2,0,1,'2018-04-02 13:44:23'),(10,11,2,0,1,'2018-04-02 13:50:23'),(13,15,2,0,2,'2018-04-03 10:49:04'),(14,16,2,0,2,'2018-04-03 13:07:38'),(21,32,1,52,2,'2018-04-08 11:08:29'),(23,38,2,0,2,'2018-04-08 15:42:58'),(24,39,2,0,41,'2018-04-08 16:01:23'),(25,40,2,0,41,'2018-04-08 16:02:28'),(26,41,2,0,2,'2018-04-10 13:35:46'),(27,42,2,0,2,'2018-04-10 13:36:05'),(28,43,2,0,2,'2018-04-10 13:36:22'),(29,44,2,0,2,'2018-04-10 13:36:35'),(30,45,2,0,41,'2018-04-11 14:01:13'),(31,46,2,0,2,'2018-04-12 11:27:58');
/*!40000 ALTER TABLE `device_trigger_object` ENABLE KEYS */;
UNLOCK TABLES;

--
-- Table structure for table `device_trigger_result`
--

DROP TABLE IF EXISTS `device_trigger_result`;
/*!40101 SET @saved_cs_client     = @@character_set_client */;
/*!40101 SET character_set_client = utf8 */;
CREATE TABLE `device_trigger_result` (
  `id` bigint(20) NOT NULL AUTO_INCREMENT COMMENT 'ID',
  `trigger_id` bigint(20) NOT NULL COMMENT '触发器ID',
  `result_type` tinyint(4) DEFAULT '0' COMMENT '结果类型(0:邮件通知,1:url)',
  `email` varchar(256) DEFAULT NULL COMMENT '邮箱地址',
  `url` varchar(256) DEFAULT NULL COMMENT 'url地址',
  `create_by` bigint(20) NOT NULL COMMENT '创建者',
  `create_date` datetime NOT NULL COMMENT '创建时间',
  PRIMARY KEY (`id`),
  KEY `trigger_id` (`trigger_id`)
) ENGINE=InnoDB AUTO_INCREMENT=32 DEFAULT CHARSET=utf8 ROW_FORMAT=COMPACT COMMENT='触发器触发结果';
/*!40101 SET character_set_client = @saved_cs_client */;

--
-- Dumping data for table `device_trigger_result`
--

LOCK TABLES `device_trigger_result` WRITE;
/*!40000 ALTER TABLE `device_trigger_result` DISABLE KEYS */;
INSERT INTO `device_trigger_result` VALUES (1,1,0,'11351@qq.com','www.google.com',1,'2018-03-14 14:36:40'),(2,2,0,'thundersoft@qq.com',NULL,1,'2018-03-27 16:26:44'),(3,3,0,'thundersoft@163.com',NULL,1,'2018-03-27 16:38:31'),(4,4,0,'www.163.com',NULL,1,'2018-03-28 10:16:28'),(7,8,0,'www.com',NULL,1,'2018-03-29 17:29:00'),(8,9,0,'qq@.com',NULL,1,'2018-03-29 17:42:52'),(9,10,0,'baidu@qq.com',NULL,1,'2018-04-02 13:44:23'),(10,11,0,'',NULL,1,'2018-04-02 13:50:23'),(13,15,0,'thunder@163.com',NULL,2,'2018-04-03 10:49:04'),(14,16,0,'lisi@163.com',NULL,2,'2018-04-03 13:07:38'),(21,32,0,'9994474@qq.com',NULL,2,'2018-04-08 11:08:29'),(23,38,0,'utuytu@yyrt.hfhg,terte@tgerter.yry',NULL,2,'2018-04-08 15:42:58'),(24,39,0,'1@1.com',NULL,41,'2018-04-08 16:01:23'),(25,40,0,'222@qq.com',NULL,41,'2018-04-08 16:02:28'),(26,41,0,'3@qq.com',NULL,2,'2018-04-10 13:35:46'),(27,42,0,'3@qq.com',NULL,2,'2018-04-10 13:36:05'),(28,43,0,'3@qq.com',NULL,2,'2018-04-10 13:36:22'),(29,44,0,'3@qq.com',NULL,2,'2018-04-10 13:36:35'),(30,45,0,'99@qq.com',NULL,41,'2018-04-11 14:01:13'),(31,46,0,'huliang0604@thundersoft.com',NULL,2,'2018-04-12 11:27:58');
/*!40000 ALTER TABLE `device_trigger_result` ENABLE KEYS */;
UNLOCK TABLES;

--
-- Table structure for table `groups`
--

DROP TABLE IF EXISTS `groups`;
/*!40101 SET @saved_cs_client     = @@character_set_client */;
/*!40101 SET character_set_client = utf8 */;
CREATE TABLE `groups` (
  `id` bigint(20) NOT NULL AUTO_INCREMENT COMMENT 'ID',
  `product_id` bigint(20) NOT NULL COMMENT '产品ID',
  `name` varchar(100) NOT NULL COMMENT '设备组名称',
  `description` varchar(256) DEFAULT NULL COMMENT '说明',
  `create_by` bigint(20) NOT NULL COMMENT '创建者',
  `create_date` datetime NOT NULL COMMENT '创建时间',
  `update_by` bigint(20) DEFAULT NULL COMMENT '更新者',
  `update_date` datetime DEFAULT NULL COMMENT '更新时间',
  PRIMARY KEY (`id`),
  UNIQUE KEY `name` (`name`,`product_id`),
  KEY `product_id` (`product_id`,`create_date`)
) ENGINE=InnoDB AUTO_INCREMENT=67 DEFAULT CHARSET=utf8 ROW_FORMAT=COMPACT COMMENT='设备组';
/*!40101 SET character_set_client = @saved_cs_client */;

--
-- Dumping data for table `groups`
--

LOCK TABLES `groups` WRITE;
/*!40000 ALTER TABLE `groups` DISABLE KEYS */;
INSERT INTO `groups` VALUES (18,171,'锅炉设备组1','用于检测锅炉数据点1',2,'2018-03-23 10:32:31',NULL,NULL),(21,171,'学习','学习Linux',2,'2018-03-23 10:48:03',NULL,NULL),(22,171,'11111222222','22323223',2,'2018-03-23 10:49:04',NULL,NULL),(23,171,'锅炉搬家组','年号码',2,'2018-03-23 10:59:02',NULL,NULL),(36,171,'wesswssx','22ed',2,'2018-03-23 13:01:02',NULL,NULL),(37,171,'3222','1221',2,'2018-03-23 13:32:18',NULL,NULL),(38,171,'2444','232',2,'2018-03-23 13:43:19',NULL,NULL),(39,171,'设备组f','统一类别的设备组',2,'2018-03-26 10:54:13',NULL,NULL),(40,171,'设备组555','检测',2,'2018-03-26 11:00:36',NULL,NULL),(41,171,'pppp','lll',2,'2018-03-27 17:32:44',NULL,NULL),(43,171,'22','22222',2,'2018-03-27 17:34:24',NULL,NULL),(44,171,'22222233','22111',2,'2018-03-27 18:13:55',NULL,NULL),(45,171,'4563','33',2,'2018-03-27 18:22:06',NULL,NULL),(46,132,'1232','111',2,'2018-03-29 16:16:30',NULL,NULL),(48,132,'真好啊','',2,'2018-03-29 16:31:13',NULL,NULL),(49,171,'11145','112311',7,'2018-03-30 14:48:10',NULL,NULL),(50,135,'组1','全文',2,'2018-04-03 16:28:34',NULL,NULL),(51,134,'群组12','12',2,'2018-04-04 11:04:34',NULL,NULL),(52,134,'群组2','',2,'2018-04-04 11:04:41',NULL,NULL),(55,175,'ydevicegroup0','',2,'2018-04-04 14:03:17',NULL,NULL),(56,176,'test','test',341,'2018-04-04 16:51:59',NULL,NULL),(57,134,'群组3','群组',2,'2018-04-08 15:00:31',NULL,NULL),(58,138,'group-1','group one1121',41,'2018-04-08 16:00:50',NULL,NULL),(59,138,'group-2','group two',41,'2018-04-08 16:01:03',NULL,NULL),(60,138,'group-3','group',41,'2018-04-09 14:18:48',NULL,NULL),(61,138,'group-4','',41,'2018-04-09 14:18:56',NULL,NULL),(62,138,'group-5','',41,'2018-04-09 14:19:07',NULL,NULL),(63,138,'group-6','',41,'2018-04-09 14:19:12',NULL,NULL),(64,138,'group-7','',41,'2018-04-09 14:19:16',NULL,NULL),(65,171,'456789','用于检测设备的不同数据点，你好吗',2,'2018-04-09 18:19:44',NULL,NULL),(66,138,'213','123123',41,'2018-04-11 14:03:15',NULL,NULL);
/*!40000 ALTER TABLE `groups` ENABLE KEYS */;
UNLOCK TABLES;

--
-- Table structure for table `groups_device`
--

DROP TABLE IF EXISTS `groups_device`;
/*!40101 SET @saved_cs_client     = @@character_set_client */;
/*!40101 SET character_set_client = utf8 */;
CREATE TABLE `groups_device` (
  `id` bigint(20) NOT NULL AUTO_INCREMENT COMMENT 'ID',
  `group_id` bigint(20) NOT NULL COMMENT '设备组ID',
  `device_id` bigint(20) NOT NULL COMMENT '设备ID',
  `create_by` bigint(20) NOT NULL COMMENT '创建者',
  `create_date` datetime NOT NULL COMMENT '创建时间',
  PRIMARY KEY (`id`),
  UNIQUE KEY `group_device` (`group_id`,`device_id`),
  KEY `device_id` (`device_id`)
) ENGINE=InnoDB AUTO_INCREMENT=45 DEFAULT CHARSET=utf8 ROW_FORMAT=COMPACT COMMENT='设备组与设备映射关系';
/*!40101 SET character_set_client = @saved_cs_client */;

--
-- Dumping data for table `groups_device`
--

LOCK TABLES `groups_device` WRITE;
/*!40000 ALTER TABLE `groups_device` DISABLE KEYS */;
INSERT INTO `groups_device` VALUES (22,50,173,2,'2018-04-03 16:28:41'),(23,51,208,2,'2018-04-04 11:08:59'),(24,51,196,2,'2018-04-04 11:08:59'),(25,51,171,2,'2018-04-04 11:08:59'),(27,51,174,2,'2018-04-04 11:09:28'),(28,51,151,2,'2018-04-04 11:09:52'),(29,51,150,2,'2018-04-04 11:10:02'),(30,51,149,2,'2018-04-04 11:10:02'),(32,58,207,41,'2018-04-09 11:21:49'),(33,58,200,41,'2018-04-09 11:21:49'),(34,58,192,41,'2018-04-09 11:21:49'),(35,58,191,41,'2018-04-09 11:21:50'),(36,58,190,41,'2018-04-09 11:21:50'),(37,58,189,41,'2018-04-09 11:21:50'),(38,58,188,41,'2018-04-09 11:21:50'),(39,18,141,1,'2018-04-09 15:39:55'),(40,18,142,1,'2018-04-09 15:40:06'),(41,18,143,1,'2018-04-09 15:40:16'),(42,18,144,1,'2018-04-09 15:40:30'),(43,18,145,1,'2018-04-09 15:40:42'),(44,18,146,1,'2018-04-09 15:40:55');
/*!40000 ALTER TABLE `groups_device` ENABLE KEYS */;
UNLOCK TABLES;

--
-- Table structure for table `guolu_data_point_prepared`
--

DROP TABLE IF EXISTS `guolu_data_point_prepared`;
/*!40101 SET @saved_cs_client     = @@character_set_client */;
/*!40101 SET character_set_client = utf8 */;
CREATE TABLE `guolu_data_point_prepared` (
  `id` varchar(500) COLLATE utf8mb4_unicode_ci DEFAULT NULL,
  `product_id` bigint(20) DEFAULT NULL,
  `frequency` bigint(20) DEFAULT NULL
) ENGINE=InnoDB DEFAULT CHARSET=utf8mb4 COLLATE=utf8mb4_unicode_ci;
/*!40101 SET character_set_client = @saved_cs_client */;

--
-- Dumping data for table `guolu_data_point_prepared`
--

LOCK TABLES `guolu_data_point_prepared` WRITE;
/*!40000 ALTER TABLE `guolu_data_point_prepared` DISABLE KEYS */;
INSERT INTO `guolu_data_point_prepared` VALUES ('1',3,3),('2',3,3),('4',1,3),('7',78,3),('8',78,5),('11',80,3),('12',80,5),('13',81,3),('14',81,5),('17',83,3),('18',83,5),('21',85,3),('22',85,5),('25',87,3),('26',87,5),('31',90,3),('32',90,5),('33',91,3),('34',91,5),('47',98,3),('48',98,5),('51',100,3),('52',100,5),('53',101,3),('54',101,5),('55',102,3),('56',102,5),('57',103,3),('58',103,5),('65',110,3),('66',110,5),('67',111,3),('68',111,5),('69',112,3),('70',112,5),('71',113,3),('72',113,5),('73',114,3),('74',114,5),('75',115,3),('76',115,5),('77',116,3),('78',116,5),('79',117,3),('80',117,5),('81',118,3),('82',118,5),('83',119,60),('84',119,60),('85',119,60),('86',119,60),('87',119,60),('88',119,60),('89',119,60),('90',119,60),('91',119,60),('99',121,60),('100',121,60),('101',121,60),('102',121,60),('103',121,60),('104',121,60),('105',121,60),('106',121,60),('107',121,60),('108',121,60),('109',122,60),('110',122,60),('111',122,60),('112',122,60),('113',122,60),('114',122,60),('115',122,60),('116',122,60),('117',122,60),('118',122,60),('119',123,60),('120',123,60),('121',123,60),('122',123,60),('123',123,60),('124',123,60),('125',123,60),('126',123,60),('127',123,60),('128',123,60),('129',123,60),('130',124,60),('131',124,60),('132',124,60),('133',124,60),('134',124,60),('135',124,60),('136',124,60),('137',124,60),('138',124,60),('139',124,60),('140',124,60),('141',124,60),('142',124,60),('143',125,60),('144',125,60),('145',125,60),('146',125,60),('147',125,60),('148',125,60),('149',125,60),('150',125,60),('151',125,60),('152',125,60),('153',125,60),('154',125,60),('155',125,60),('157',3,5),('158',126,60),('159',126,60),('160',126,60),('161',126,60),('162',126,60),('163',126,60),('164',126,60),('165',126,60),('166',126,60),('167',126,60),('168',126,60),('169',126,60),('170',126,60),('171',127,60),('172',127,60),('173',127,60),('174',127,60),('175',127,60),('176',127,60),('177',127,60),('178',127,60),('179',127,60),('180',127,60),('181',127,60),('182',127,60),('183',127,60),('184',128,60),('185',128,60),('186',128,60),('187',128,60),('188',128,60),('189',128,60),('190',128,60),('191',128,60),('192',128,60),('193',128,60),('194',128,60),('195',128,60),('196',128,60),('211',122,456456),('212',122,456456),('213',130,60),('214',130,60),('215',130,60),('216',130,60),('217',130,60),('218',130,60),('219',130,60),('220',130,60),('221',130,60),('222',131,60),('223',131,60),('224',131,60),('225',131,60),('226',131,60),('227',131,60),('228',131,60),('229',131,60),('230',131,60),('231',131,60),('232',131,60),('233',132,60),('234',132,12121211),('236',132,60),('237',132,60),('238',132,60),('239',132,60),('240',132,60),('241',132,60),('242',132,61),('243',132,60),('244',132,60),('245',132,5),('246',133,60),('247',133,60),('248',133,60),('249',133,60),('250',133,60),('251',133,60),('252',133,60),('253',133,60),('254',133,60),('255',133,60),('258',134,60),('259',134,60),('260',134,60),('261',134,60),('262',134,60),('263',134,60),('264',134,60),('265',134,60),('266',134,2),('267',135,60),('268',135,60),('269',135,60),('270',135,60),('271',135,60),('272',135,60),('273',135,60),('274',135,60),('275',135,60),('276',135,60),('278',131,30),('279',136,60),('280',136,60),('281',136,60),('282',136,60),('283',136,60),('284',136,60),('285',136,60),('286',136,60),('287',136,60),('288',136,60),('289',137,60),('290',137,60),('291',137,60),('292',137,60),('293',137,60),('294',137,60),('295',137,60),('296',137,60),('297',137,60),('298',137,60),('299',137,60),('300',138,60),('301',138,60),('302',138,60),('303',138,60),('304',138,60),('305',138,60),('306',138,60),('307',138,60),('308',138,60),('309',138,60),('310',138,60),('311',138,60),('312',138,60),('313',134,456456),('314',132,300),('322',132,100),('325',135,1800),('327',140,1800),('336',140,123),('348',140,42),('358',134,1800);
/*!40000 ALTER TABLE `guolu_data_point_prepared` ENABLE KEYS */;
UNLOCK TABLES;

--
-- Table structure for table `mqtt_acl`
--

DROP TABLE IF EXISTS `mqtt_acl`;
/*!40101 SET @saved_cs_client     = @@character_set_client */;
/*!40101 SET character_set_client = utf8 */;
CREATE TABLE `mqtt_acl` (
  `id` bigint(20) unsigned NOT NULL AUTO_INCREMENT,
  `allow` int(1) DEFAULT NULL COMMENT '0: deny, 1: allow',
  `ipaddr` varchar(60) DEFAULT NULL COMMENT 'IpAddress',
  `username` varchar(100) DEFAULT NULL COMMENT 'Username',
  `clientid` varchar(100) DEFAULT NULL COMMENT 'ClientId',
  `access` int(2) NOT NULL COMMENT '1: subscribe, 2: publish, 3: pubsub',
  `topic` varchar(100) NOT NULL DEFAULT '' COMMENT 'Topic Filter',
  PRIMARY KEY (`id`)
) ENGINE=InnoDB AUTO_INCREMENT=8 DEFAULT CHARSET=utf8;
/*!40101 SET character_set_client = @saved_cs_client */;

--
-- Dumping data for table `mqtt_acl`
--

LOCK TABLES `mqtt_acl` WRITE;
/*!40000 ALTER TABLE `mqtt_acl` DISABLE KEYS */;
INSERT INTO `mqtt_acl` VALUES (1,1,NULL,'$all',NULL,2,'#'),(2,0,NULL,'$all',NULL,1,'$SYS/#'),(3,0,NULL,'$all',NULL,1,'eq #'),(5,1,'127.0.0.1',NULL,NULL,2,'$SYS/#'),(6,1,'127.0.0.1',NULL,NULL,2,'#'),(7,1,NULL,'dashboard',NULL,1,'$SYS/#');
/*!40000 ALTER TABLE `mqtt_acl` ENABLE KEYS */;
UNLOCK TABLES;

--
-- Table structure for table `mqtt_user`
--

DROP TABLE IF EXISTS `mqtt_user`;
/*!40101 SET @saved_cs_client     = @@character_set_client */;
/*!40101 SET character_set_client = utf8 */;
CREATE TABLE `mqtt_user` (
  `id` bigint(20) unsigned NOT NULL AUTO_INCREMENT,
  `username` varchar(100) DEFAULT NULL,
  `password` varchar(100) DEFAULT NULL,
  `salt` varchar(20) DEFAULT NULL,
  `is_superuser` tinyint(1) DEFAULT '0',
  `created` datetime DEFAULT NULL,
  PRIMARY KEY (`id`),
  UNIQUE KEY `mqtt_username` (`username`)
) ENGINE=InnoDB AUTO_INCREMENT=313 DEFAULT CHARSET=utf8;
/*!40101 SET character_set_client = @saved_cs_client */;

--
-- Dumping data for table `mqtt_user`
--

LOCK TABLES `mqtt_user` WRITE;
/*!40000 ALTER TABLE `mqtt_user` DISABLE KEYS */;
INSERT INTO `mqtt_user` VALUES (1,'admin','e10adc3949ba59abbe56e057f20f883e','',1,'2018-01-10 18:11:46'),(2,'root','e10adc3949ba59abbe56e057f20f883e','',1,'2018-01-10 18:11:46'),(245,'498','412489373dd676143ac880fe80005525',NULL,0,'2018-03-21 15:00:55'),(246,'499','ded4f3117f3b28657ba17cdd3ed7922f',NULL,0,'2018-03-21 16:46:12'),(247,'500','198a9aa71bf041a71ab3d7dbb8b42800',NULL,0,'2018-03-21 16:47:08'),(248,'501','3fbad4fb06d62eb1c8bf273819660cd3',NULL,0,'2018-03-21 16:51:25'),(249,'502','24d9f5c9c2dfefd80097e55421f83b1a',NULL,0,'2018-03-21 16:58:37'),(250,'503','601f1e43aa66dc7a25b7a39a533121be',NULL,0,'2018-03-21 17:06:13'),(251,'504','660e49fd166cda2ab821c16d43af541d',NULL,0,'2018-03-21 17:09:47'),(252,'505','a6512efd561be8b7aecd0b647aa59187',NULL,0,'2018-03-21 17:11:08'),(253,'506','4a540c777d98621c93729f3b81ede9b8',NULL,0,'2018-03-21 17:20:41'),(254,'218','9b5bfacdc35629274f8510f4a7410ebe',NULL,0,'2018-03-26 11:47:59'),(255,'219','34ad3dbaae10ea91651dc10bdc7ccdba',NULL,0,'2018-03-26 11:48:26'),(256,'220','e6fc1ea0637248b44b6ab2f6a0e15fe6',NULL,0,'2018-03-26 11:48:35'),(257,'221','6cdde35fc06e8433b234b04138fbd19a',NULL,0,'2018-03-26 11:48:41'),(258,'222','d0368c16cdb2d00ecdfaeee2a7591cac',NULL,0,'2018-03-26 16:05:48'),(259,'223','f30ac0072d29fb6a5cdcb712f9cca4f4',NULL,0,'2018-03-26 16:05:54'),(260,'224','e58c71b7fc1c392941af87c7825e2d48',NULL,0,'2018-03-26 16:06:00'),(261,'225','38459a6c1d9a51daf5baf0f7e6f8272a',NULL,0,'2018-03-26 17:36:42'),(262,'226','d2ea83a8538687fe3834e5202847215c',NULL,0,'2018-03-26 17:36:42'),(263,'227','79fb770a7d4bbfdb853b06e9517abb8d',NULL,0,'2018-03-26 17:36:42'),(264,'228','dfe4f57f1590156cc449ee1842d2d153',NULL,0,'2018-03-26 17:36:43'),(265,'229','92eae1548f252a95b2f95042f4ae54a2',NULL,0,'2018-03-26 17:36:43'),(266,'230','ab9884d178fc1adeb17f91b08ae5e523',NULL,0,'2018-03-26 17:36:44'),(267,'231','f9afe2b6fda7b8a1586562a7865c9b0f',NULL,0,'2018-03-26 17:36:44'),(268,'232','4da90d02cac755522fd2e810af458dcc',NULL,0,'2018-03-26 17:36:45'),(269,'233','7c2d671b2ec58563524be4ddbd4223dd',NULL,0,'2018-03-26 17:36:45'),(270,'234','f3963ed503de334218b426ce57975b7b',NULL,0,'2018-03-26 17:36:46'),(271,'235','c38720fc06d42ccac81f0e1259ae0fd1',NULL,0,'2018-03-26 18:20:47'),(272,'236','e23b575348b08e7e3f0af247949f1a1a',NULL,0,'2018-03-26 18:20:48'),(273,'237','e6c921655418a9bb38165527fef3b4f0',NULL,0,'2018-03-26 18:20:48'),(274,'238','b8cc569d18ef0dbaed20582f14b22d37',NULL,0,'2018-03-26 18:20:49'),(275,'239','06a3851bf271b070166d5fe5c1c8e77f',NULL,0,'2018-03-26 18:20:49'),(276,'240','bdf2e6c71f20dc70ac725d68315882c0',NULL,0,'2018-03-26 18:20:50'),(277,'241','d9f6d9cf3bce63fa7ae1e0a1c58cc62c',NULL,0,'2018-03-26 18:20:50'),(278,'242','9eb3cca0b05cc664a6fd24c9c065d173',NULL,0,'2018-03-26 18:20:50'),(279,'243','d8b7d2f399881f21d8c2b557dab099cb',NULL,0,'2018-03-26 18:20:51'),(280,'244','fab7b633a21b9aae036301176da63630',NULL,0,'2018-03-26 18:20:51'),(281,'245','dbd82b2a283d0261031710d07d0e476b',NULL,0,'2018-03-27 10:43:42'),(282,'246','422d8ae3bd6549eecd93ab953cdf9748',NULL,0,'2018-03-27 11:50:23'),(283,'247','30b34fb3717c6b9539abd7f29730d3e9',NULL,0,'2018-03-28 10:43:05'),(284,'248','7a0df7d40f5e4e6069573a7ef2fef336',NULL,0,'2018-04-02 17:31:29'),(285,'249','220ee1614305f77d828fc285cf112835',NULL,0,'2018-04-03 14:03:33'),(286,'250','cf497a4cedad4c8afd9e53cdb03d0134',NULL,0,'2018-04-03 14:24:57'),(287,'251','fdd17148784c57d5a70f62e2f50f6bad',NULL,0,'2018-04-03 14:24:58'),(288,'252','3059efbbff674ccc3003a3b747c0cef0',NULL,0,'2018-04-03 14:24:58'),(289,'253','47dbf4cf9e2023b10828e987d29cad33',NULL,0,'2018-04-03 14:24:59'),(290,'254','6a2d91534f23a8efe070cded26b72cb3',NULL,0,'2018-04-03 14:24:59'),(291,'255','d7d25ef50838aa3cd7a7d4d0a4cf4386',NULL,0,'2018-04-03 14:24:59'),(292,'256','1ace1b696438d38ee5ccfcd694a63095',NULL,0,'2018-04-03 14:25:00'),(293,'257','09a2d3ee8665fd9a365bfb435e1aba9e',NULL,0,'2018-04-03 14:25:00'),(294,'258','d88e2f4734788573389394d1ca4509f6',NULL,0,'2018-04-03 14:25:00'),(295,'259','f281ecb6e042c80372afc2fcfda6499a',NULL,0,'2018-04-03 14:25:01'),(296,'260','2b7d51d14fd429c0e705089414c496d2',NULL,0,'2018-04-03 15:25:57'),(297,'261','04322322336c27966b8ab97cdac2a33b',NULL,0,'2018-04-03 16:34:24'),(298,'262','d7f3f43d54b8c27d7d7db729c751464b',NULL,0,'2018-04-03 16:34:25'),(299,'263','860fb465c7035d97cae2555834069eb9',NULL,0,'2018-04-03 16:34:25'),(300,'264','04fa700808885db1823b6f3107d05b9b',NULL,0,'2018-04-03 16:34:25'),(301,'265','2c76cd07f8525d652d912a0e6b03bbe6',NULL,0,'2018-04-03 16:34:26'),(302,'266','d370ddf0fa353cf68efa100e6991a496',NULL,0,'2018-04-03 16:34:26'),(303,'267','79f4bb23401f81a27a40ddd15cd8d076',NULL,0,'2018-04-03 16:34:27'),(304,'268','2c3655a817f85868e905e6604abc5efa',NULL,0,'2018-04-03 16:34:27'),(305,'269','8959ba01abe2f6bd715fe79d0bb5a259',NULL,0,'2018-04-03 16:34:28'),(306,'270','f0004b82759a441378e3fb87db87d269',NULL,0,'2018-04-03 16:34:28'),(307,'271','8c3604c51c37d5f8659bced7adaa7d3b',NULL,0,'2018-04-04 10:54:32'),(308,'272','10406b0fe4d501347f5ef31b3d7b500f',NULL,0,'2018-04-04 15:52:39'),(309,'273','59e26919d875e95b84a8a07c77887022',NULL,0,'2018-04-04 15:52:52'),(310,'274','9dea2dbad1ff767bbd172977a78da84d',NULL,0,'2018-04-04 17:11:18'),(311,'275','21fffbda887fbb017eb18b9057b90322',NULL,0,'2018-04-08 15:45:31'),(312,'277','22136435e187d4d3ac16298f754f198c',NULL,0,'2018-04-11 14:13:17');
/*!40000 ALTER TABLE `mqtt_user` ENABLE KEYS */;
UNLOCK TABLES;

--
-- Table structure for table `product`
--

DROP TABLE IF EXISTS `product`;
/*!40101 SET @saved_cs_client     = @@character_set_client */;
/*!40101 SET character_set_client = utf8 */;
CREATE TABLE `product` (
  `id` bigint(20) NOT NULL AUTO_INCREMENT COMMENT '产品ID',
  `tenant_id` bigint(20) NOT NULL COMMENT '租户ID',
  `name` varchar(100) NOT NULL COMMENT '产品名称',
  `industry` varchar(100) NOT NULL COMMENT '所属行业',
  `description` varchar(200) DEFAULT NULL COMMENT '产品介绍',
  `connect_type` varchar(64) NOT NULL COMMENT '接入方式：public：公开协议，private：私有协议',
  `connect_protocal` varchar(64) NOT NULL COMMENT '接入协议：mqtt,https',
  `auth_method` varchar(64) NOT NULL COMMENT 'APIKey：api key,Cert:证书',
  `del_flag` char(1) NOT NULL COMMENT '删除标记(0:正常;1:已删除)',
  `status` char(1) NOT NULL COMMENT '产品状态(0:开发中;1:已发布)',
  `register_code` varchar(256) DEFAULT NULL COMMENT '产品注册码,注册设备时使用',
  `create_by` bigint(20) NOT NULL COMMENT '创建者',
  `create_date` datetime NOT NULL COMMENT '创建时间',
  `update_by` bigint(20) DEFAULT NULL COMMENT '更新者',
  `update_date` datetime DEFAULT NULL COMMENT '更新时间',
  PRIMARY KEY (`id`),
  KEY `tenant` (`tenant_id`,`create_by`)
) ENGINE=InnoDB AUTO_INCREMENT=190 DEFAULT CHARSET=utf8 ROW_FORMAT=COMPACT COMMENT='产品';
/*!40101 SET character_set_client = @saved_cs_client */;

--
-- Dumping data for table `product`
--

LOCK TABLES `product` WRITE;
/*!40000 ALTER TABLE `product` DISABLE KEYS */;
INSERT INTO `product` VALUES (134,1,'蒸汽锅炉','锅炉','蒸汽锅炉产品','公开协议','mqtt','APIKey','0','1','VfBBwZjAD75fCBoYEOJWjjzEYwN=',0,'2018-02-07 16:44:30',2,'2018-04-08 10:59:54'),(135,1,'热水锅炉','锅炉','热水锅炉产品','公开协议','mqtt','APIKey','0','1','AQobe3lRUrDoN3uR1EnIOq8Lfb4=',0,'2018-02-07 16:48:17',2,'2018-04-08 10:59:48'),(136,2,'Hot water boiler','boiler','Hot water boiler product','public protocol','mqtt','APIKey','0','0','jvSqb9wYUVbOvA1rlertCWKSZLK=',0,'2018-02-24 15:45:17',41,'2018-04-08 16:18:16'),(137,2,'Steam boiler','boiler','Steam boiler product','public protocol','mqtt','APIKey','0','0','EvSMGgFrZ1izZVnmAwAYvQdYqQn=',0,'2018-02-24 15:47:45',41,'2018-04-08 16:18:41'),(138,2,'Vacuum boiler','boiler','Vacuum boiler product','public protocol','mqtt','APIKey','0','0','IiiOa2524avDureVdSj7dQsFc4Q=',0,'2018-02-24 15:48:20',41,'2018-04-11 14:13:08'),(142,1,'嗨嗨嗨','医疗保健','dddddddd','public','MQTT','APIKey','0','1','ukBIY4LrZzwYdq3DexQgZYb5Qrs=',1,'2018-03-16 16:23:41',NULL,NULL),(171,1,'真空锅炉','锅炉','真空锅炉产品','公开协议','mqtt','APIKey','0','1','rqE7tR18MFPMHg6GRoEAHGyDWHl=',0,'2018-02-07 15:45:09',2,'2018-04-08 11:00:12'),(186,1,'012','新能源','','公开协议','MQTT','APIKey','0','0','jpEJYhGS2Z0dbyV1hl7HAlsrJyK=',2,'2018-04-08 17:50:26',NULL,NULL),(189,1,'013','医疗保健','医疗保健产品','公开协议','MQTT','安全证书','0','0','lDu6zvL7vH6D3RoyplGkD0JNbnJ=',2,'2018-04-12 14:42:04',NULL,NULL);
/*!40000 ALTER TABLE `product` ENABLE KEYS */;
UNLOCK TABLES;

--
-- Table structure for table `role`
--

DROP TABLE IF EXISTS `role`;
/*!40101 SET @saved_cs_client     = @@character_set_client */;
/*!40101 SET character_set_client = utf8 */;
CREATE TABLE `role` (
  `role_code` varchar(64) NOT NULL COMMENT '角色标识',
  `role_name` varchar(64) NOT NULL COMMENT '角色名称',
  `description` varchar(255) DEFAULT NULL COMMENT '权限描述',
  PRIMARY KEY (`role_code`),
  UNIQUE KEY `role_name` (`role_name`) USING BTREE
) ENGINE=InnoDB DEFAULT CHARSET=utf8 ROW_FORMAT=COMPACT COMMENT='角色表';
/*!40101 SET character_set_client = @saved_cs_client */;

--
-- Dumping data for table `role`
--

LOCK TABLES `role` WRITE;
/*!40000 ALTER TABLE `role` DISABLE KEYS */;
INSERT INTO `role` VALUES ('system_admin','系统管理员','系统管理员管理所有租户及其系统资源'),('tenant_admin','租户管理员','租户管理员管理租户下资源'),('tenant_dev','租户开发者','租户开发者');
/*!40000 ALTER TABLE `role` ENABLE KEYS */;
UNLOCK TABLES;

--
-- Table structure for table `sys_dict`
--

DROP TABLE IF EXISTS `sys_dict`;
/*!40101 SET @saved_cs_client     = @@character_set_client */;
/*!40101 SET character_set_client = utf8 */;
CREATE TABLE `sys_dict` (
  `id` bigint(20) NOT NULL AUTO_INCREMENT COMMENT '编号',
  `value` varchar(100) NOT NULL COMMENT '数据值',
  `label` varchar(100) NOT NULL COMMENT '标签名',
  `type` varchar(100) NOT NULL COMMENT '类型 0:所属行业 1:接入方式 2:接入协议 3:鉴权方式',
  `description` varchar(100) NOT NULL COMMENT '描述',
  `sort` decimal(10,0) NOT NULL COMMENT '排序（升序）',
  `parent_id` varchar(64) DEFAULT '0' COMMENT '父级编号',
  `remarks` varchar(255) DEFAULT NULL COMMENT '备注信息',
  `del_flag` char(1) NOT NULL DEFAULT '0' COMMENT '删除标记(0:正常;1:已删除)',
  PRIMARY KEY (`id`),
  KEY `sys_dict_value` (`value`),
  KEY `sys_dict_label` (`label`)
) ENGINE=InnoDB AUTO_INCREMENT=25 DEFAULT CHARSET=utf8 COMMENT='字典表';
/*!40101 SET character_set_client = @saved_cs_client */;

--
-- Dumping data for table `sys_dict`
--

LOCK TABLES `sys_dict` WRITE;
/*!40000 ALTER TABLE `sys_dict` DISABLE KEYS */;
INSERT INTO `sys_dict` VALUES (1,'新能源','0','0','0',0,'0',NULL,'0'),(2,'医疗保健','0','0','0',0,'0',NULL,'0'),(13,'智能家居','0','0','0',0,'0',NULL,'0'),(14,'车载设备','0','0','0',0,'0',NULL,'0'),(15,'运动监控','0','0','0',0,'0',NULL,'0'),(16,'环境监控','0','0','0',0,'0',NULL,'0'),(17,'公开协议','0','1','0',0,'0',NULL,'0'),(18,'私有协议','0','1','0',0,'0',NULL,'0'),(19,'MQTT','0','2','0',0,'0',NULL,'0'),(20,'HTTP','0','2','0',0,'0',NULL,'0'),(21,'APIKey','0','3','0',0,'0',NULL,'0'),(22,'安全证书','0','3','0',0,'0',NULL,'0'),(23,'锅炉','0','0','0',0,'0',NULL,'0'),(24,'boiler','0','0','0',0,'0',NULL,'0');
/*!40000 ALTER TABLE `sys_dict` ENABLE KEYS */;
UNLOCK TABLES;

--
-- Table structure for table `tenant`
--

DROP TABLE IF EXISTS `tenant`;
/*!40101 SET @saved_cs_client     = @@character_set_client */;
/*!40101 SET character_set_client = utf8 */;
CREATE TABLE `tenant` (
  `id` bigint(20) NOT NULL AUTO_INCREMENT COMMENT '租户ID',
  `del_flag` char(1) NOT NULL COMMENT '删除标记(0:正常;1:已删除)',
  `tenant_name` varchar(50) NOT NULL COMMENT '租户名称',
  `industry` varchar(100) DEFAULT NULL COMMENT '所属行业',
  `contact_people` varchar(100) DEFAULT NULL COMMENT '联系人',
  `contact_mobile` varchar(100) DEFAULT NULL COMMENT '联系电话',
  `description` varchar(200) DEFAULT NULL COMMENT '租户介绍',
  `secret_id` varchar(100) NOT NULL COMMENT '租户秘钥name',
  `secret_key` varchar(100) NOT NULL COMMENT '租户秘钥key',
  `create_by` bigint(20) NOT NULL COMMENT '创建者',
  `create_date` datetime NOT NULL COMMENT '创建时间',
  `update_by` bigint(20) DEFAULT NULL COMMENT '更新者',
  `update_date` datetime DEFAULT NULL COMMENT '更新时间',
  PRIMARY KEY (`id`),
  UNIQUE KEY `tenant_name` (`tenant_name`) USING BTREE,
  UNIQUE KEY `secret_name` (`secret_id`) USING BTREE
) ENGINE=InnoDB AUTO_INCREMENT=3 DEFAULT CHARSET=utf8 ROW_FORMAT=COMPACT COMMENT='租户表';
/*!40101 SET character_set_client = @saved_cs_client */;

--
-- Dumping data for table `tenant`
--

LOCK TABLES `tenant` WRITE;
/*!40000 ALTER TABLE `tenant` DISABLE KEYS */;
INSERT INTO `tenant` VALUES (1,'0','锅炉租户',NULL,NULL,NULL,NULL,'QDIDe86853682e1343fc84e1235e815a3bc3','0911e23328ec4172b0fe365f3603ccc3',1,'2018-01-21 15:17:59',NULL,NULL),(2,'0','boiler tenant',NULL,NULL,NULL,NULL,'QDIDoh38amzxmgIP1RYvXAxiaMhW5Zpol0Z3','4oPhAnOCmb8v77INeYUfU8Xu2CuTjz6XUIY0',1,'2018-02-24 11:54:45',NULL,NULL);
/*!40000 ALTER TABLE `tenant` ENABLE KEYS */;
UNLOCK TABLES;

--
-- Table structure for table `trigger_times`
--

DROP TABLE IF EXISTS `trigger_times`;
/*!40101 SET @saved_cs_client     = @@character_set_client */;
/*!40101 SET character_set_client = utf8 */;
CREATE TABLE `trigger_times` (
  `id` bigint(20) NOT NULL AUTO_INCREMENT COMMENT 'ID',
  `product_id` bigint(20) NOT NULL COMMENT '设备模型ID',
  `device_id` bigint(20) NOT NULL COMMENT '设备ID',
  `trigger_id` bigint(20) DEFAULT NULL COMMENT '触发器ID',
  `trigger_name` varchar(255) DEFAULT NULL,
  `trigger_express` varchar(255) DEFAULT NULL,
  `trigger_express_val` varchar(255) DEFAULT NULL,
  `status` char(1) NOT NULL COMMENT '触发状态(0:已恢复;1:已触发)',
  `trigger_date` datetime DEFAULT NULL COMMENT '更新时间',
  `recovery_date` datetime DEFAULT NULL COMMENT '恢复时间',
  PRIMARY KEY (`id`),
  UNIQUE KEY `uniidx_deviceid_triggerid_triggerdate` (`device_id`,`trigger_id`,`trigger_date`) USING BTREE
) ENGINE=InnoDB AUTO_INCREMENT=251 DEFAULT CHARSET=utf8 ROW_FORMAT=COMPACT COMMENT='触发次数';
/*!40101 SET character_set_client = @saved_cs_client */;

--
-- Dumping data for table `trigger_times`
--

LOCK TABLES `trigger_times` WRITE;
/*!40000 ALTER TABLE `trigger_times` DISABLE KEYS */;
INSERT INTO `trigger_times` VALUES (44,132,160,4,'test trigger4','${chswd}>31','90.45>31','1','2018-04-09 15:56:30',NULL),(45,132,166,8,'test trigger51','${cstlhc}>=12','18.38>=12','1','2018-04-09 15:56:12',NULL),(46,134,151,38,'锅炉触发器','${qlyl}>1','1.06>1','1','2018-04-09 15:57:02',NULL),(47,132,165,9,'test trigger6-1','${jqswd}<>12','266.72<>12','1','2018-04-09 15:56:18',NULL),(48,132,164,9,'test trigger6-1','${jqswd}<>12','339.7<>12','1','2018-04-09 15:57:00',NULL),(49,132,165,8,'test trigger51','${cstlhc}>=12','19.43>=12','1','2018-04-09 15:56:17',NULL),(50,132,167,9,'test trigger6-1','${jqswd}<>12','310.16<>12','1','2018-04-09 15:56:40',NULL),(51,132,167,8,'test trigger51','${cstlhc}>=12','22.17>=12','1','2018-04-09 15:56:40',NULL),(52,132,166,9,'test trigger6-1','${jqswd}<>12','272.15<>12','1','2018-04-09 15:56:12',NULL),(53,134,153,38,'锅炉触发器','${qlyl}>1','1.23>1','1','2018-04-09 15:56:15',NULL),(54,134,148,38,'锅炉触发器','${qlyl}>1','1.21>1','1','2018-04-09 15:56:19',NULL),(55,134,157,38,'锅炉触发器','${qlyl}>1','1.37>1','1','2018-04-09 15:56:24',NULL),(56,132,162,4,'test trigger4','${chswd}>31','71.03>31','1','2018-04-09 15:56:54',NULL),(57,132,161,4,'test trigger4','${chswd}>31','87.42>31','1','2018-04-09 15:56:41',NULL),(58,132,164,4,'test trigger4','${chswd}>31','68.2>31','1','2018-04-09 15:57:00',NULL),(59,132,160,8,'test trigger51','${cstlhc}>=12','17.2>=12','1','2018-04-09 15:56:30',NULL),(60,134,155,38,'锅炉触发器','${qlyl}>1','1.1>1','1','2018-04-09 15:56:02',NULL),(61,132,163,4,'test trigger4','${chswd}>31','69.95>31','1','2018-04-09 15:56:09',NULL),(62,132,161,9,'test trigger6-1','${jqswd}<>12','334.55<>12','1','2018-04-09 15:56:41',NULL),(63,132,166,4,'test trigger4','${chswd}>31','91.44>31','1','2018-04-09 15:56:12',NULL),(64,132,162,8,'test trigger51','${cstlhc}>=12','20.93>=12','1','2018-04-09 15:56:54',NULL),(65,132,160,9,'test trigger6-1','${jqswd}<>12','265.5<>12','1','2018-04-09 15:56:30',NULL),(66,132,161,8,'test trigger51','${cstlhc}>=12','20.48>=12','1','2018-04-09 15:56:41',NULL),(67,132,165,4,'test trigger4','${chswd}>31','83.32>31','1','2018-04-09 15:56:17',NULL),(68,132,164,8,'test trigger51','${cstlhc}>=12','22.32>=12','1','2018-04-09 15:57:00',NULL),(69,132,163,9,'test trigger6-1','${jqswd}<>12','305.55<>12','1','2018-04-09 15:56:09',NULL),(70,132,162,9,'test trigger6-1','${jqswd}<>12','268.13<>12','1','2018-04-09 15:56:55',NULL),(71,132,163,8,'test trigger51','${cstlhc}>=12','20.93>=12','1','2018-04-09 15:56:09',NULL),(72,132,167,4,'test trigger4','${chswd}>31','86.88>31','1','2018-04-09 15:56:40',NULL),(73,132,159,4,'test trigger4','${chswd}>31','76.68>31','1','2018-04-09 15:56:57',NULL),(74,132,158,4,'test trigger4','${chswd}>31','72.57>31','1','2018-04-09 15:56:26',NULL),(75,134,150,38,'锅炉触发器','${qlyl}>1','1.08>1','1','2018-04-09 15:56:00',NULL),(76,134,152,38,'锅炉触发器','${qlyl}>1','1.36>1','1','2018-04-09 15:56:42',NULL),(77,134,154,38,'锅炉触发器','${qlyl}>1','1.13>1','1','2018-04-09 15:56:04',NULL),(78,132,158,9,'test trigger6-1','${jqswd}<>12','272.77<>12','1','2018-04-09 15:56:26',NULL),(79,132,159,8,'test trigger51','${cstlhc}>=12','21.53>=12','1','2018-04-09 15:56:57',NULL),(80,132,158,8,'test trigger51','${cstlhc}>=12','21.49>=12','1','2018-04-09 15:56:26',NULL),(81,134,149,38,'锅炉触发器','${qlyl}>1','1.21>1','1','2018-04-09 15:55:55',NULL),(82,132,159,9,'test trigger6-1','${jqswd}<>12','292.69<>12','1','2018-04-09 15:56:58',NULL),(83,134,156,38,'锅炉触发器','${qlyl}>1','1.04>1','1','2018-04-09 15:56:16',NULL),(204,138,191,40,'trigger-2','${bjzt}>=1','1>=1','0','2018-04-19 13:51:43','2018-04-19 13:52:07'),(211,135,139,46,'trigger7','${chswd}>11','73.43>11','1','2018-04-19 14:18:19',NULL),(212,132,160,4,'test trigger4','${chswd}>31','74.79>31','1','2018-04-19 14:18:23',NULL),(213,135,138,46,'trigger7','${chswd}>11','83.55>11','1','2018-04-19 14:18:21',NULL),(214,135,141,46,'trigger7','${chswd}>11','88.07>11','1','2018-04-19 14:18:38',NULL),(215,132,159,4,'test trigger4','${chswd}>31','79.87>31','1','2018-04-19 14:18:28',NULL),(216,134,152,38,'锅炉触发器','${qlyl}>1','1.23>1','1','2018-04-19 14:18:11',NULL),(217,134,153,38,'锅炉触发器','${qlyl}>1','1.27>1','1','2018-04-19 14:18:13',NULL),(218,132,159,8,'test trigger51','${cstlhc}>=12','19.77>=12','1','2018-04-19 14:18:28',NULL),(219,134,148,38,'锅炉触发器','${qlyl}>1','1.36>1','1','2018-04-19 14:18:16',NULL),(220,135,145,46,'trigger7','${chswd}>11','77.53>11','1','2018-04-19 14:18:37',NULL),(221,134,149,38,'锅炉触发器','${qlyl}>1','1.24>1','1','2018-04-19 14:18:02',NULL),(222,135,146,46,'trigger7','${chswd}>11','76.74>11','1','2018-04-19 14:18:33',NULL),(223,132,159,9,'test trigger6-1','${jqswd}<>12','340.53<>12','1','2018-04-19 14:18:28',NULL),(224,132,160,8,'test trigger51','${cstlhc}>=12','22.88>=12','1','2018-04-19 14:18:23',NULL),(225,134,155,38,'锅炉触发器','${qlyl}>1','1.14>1','1','2018-04-19 14:17:50',NULL),(226,132,163,4,'test trigger4','${chswd}>31','79.4>31','1','2018-04-19 14:18:35',NULL),(227,132,160,9,'test trigger6-1','${jqswd}<>12','306.29<>12','1','2018-04-19 14:18:23',NULL),(228,132,163,9,'test trigger6-1','${jqswd}<>12','290.16<>12','1','2018-04-19 14:18:35',NULL),(229,132,163,8,'test trigger51','${cstlhc}>=12','19.14>=12','1','2018-04-19 14:18:35',NULL),(235,134,151,38,'锅炉触发器','${qlyl}>1','1.34>1','1','2018-04-19 14:24:50',NULL);
/*!40000 ALTER TABLE `trigger_times` ENABLE KEYS */;
UNLOCK TABLES;

--
-- Table structure for table `user`
--

DROP TABLE IF EXISTS `user`;
/*!40101 SET @saved_cs_client     = @@character_set_client */;
/*!40101 SET character_set_client = utf8 */;
CREATE TABLE `user` (
  `id` bigint(20) NOT NULL AUTO_INCREMENT COMMENT '用户ID',
  `del_flag` char(1) NOT NULL COMMENT '删除标记(0:正常;1:已删除)',
  `name` varchar(64) DEFAULT NULL COMMENT '用户名',
  `email` varchar(128) NOT NULL COMMENT '邮箱',
  `mobile` varchar(64) DEFAULT NULL COMMENT '手机',
  `password` varchar(256) NOT NULL COMMENT '密码',
  `status` char(1) NOT NULL COMMENT '用户状态(0:未激活;1:正常;2:冻结)',
  `user_type` char(1) NOT NULL COMMENT '用户类型(0:系统管理用户;1:租户用户)',
  `login_date` datetime DEFAULT NULL COMMENT '最后登录时间',
  `create_by` bigint(20) NOT NULL COMMENT '创建者',
  `create_date` datetime NOT NULL COMMENT '创建时间',
  `update_by` bigint(20) DEFAULT NULL COMMENT '更新者',
  `update_date` datetime DEFAULT NULL COMMENT '更新时间',
  PRIMARY KEY (`id`),
  UNIQUE KEY `email` (`email`) USING BTREE
) ENGINE=InnoDB AUTO_INCREMENT=9 DEFAULT CHARSET=utf8 ROW_FORMAT=COMPACT COMMENT='用户表';
/*!40101 SET character_set_client = @saved_cs_client */;

--
-- Dumping data for table `user`
--

LOCK TABLES `user` WRITE;
/*!40000 ALTER TABLE `user` DISABLE KEYS */;
INSERT INTO `user` VALUES (2,'0','luohl','qqqqqq','1212','123456','1','1','2018-03-27 10:14:43',1,'2018-01-21 17:13:09',NULL,NULL),(3,'0','huliang','aa@163.com',NULL,'123456','1','1','2018-03-19 13:59:39',1,'2018-01-29 14:17:59',NULL,NULL),(5,'1','hltest1','hltest1@163.com78bc0561-7e06-4d69-9f3d-1d9c2b6328d6','18512344321','123456','0','1',NULL,2,'2018-03-14 16:10:59',NULL,NULL),(6,'0','hltest1','hltest1@163.com','18512344321','123456','0','1',NULL,2,'2018-03-14 16:14:21',NULL,NULL),(7,'0','?????','ljj1211',NULL,'123456','1','1','2018-03-15 16:52:00',2,'2018-03-14 19:58:19',NULL,NULL),(8,'0','JiaLei1211','jialeichn@vip.qq.com','12306','12306','1','1','2018-03-19 10:30:13',1,'2018-03-15 15:45:36',NULL,NULL);
/*!40000 ALTER TABLE `user` ENABLE KEYS */;
UNLOCK TABLES;

--
-- Table structure for table `user_copy`
--

DROP TABLE IF EXISTS `user_copy`;
/*!40101 SET @saved_cs_client     = @@character_set_client */;
/*!40101 SET character_set_client = utf8 */;
CREATE TABLE `user_copy` (
  `id` int(11) NOT NULL,
  `del_flag` char(1) COLLATE utf8_bin DEFAULT NULL,
  PRIMARY KEY (`id`)
) ENGINE=InnoDB DEFAULT CHARSET=utf8 COLLATE=utf8_bin;
/*!40101 SET character_set_client = @saved_cs_client */;

--
-- Dumping data for table `user_copy`
--

LOCK TABLES `user_copy` WRITE;
/*!40000 ALTER TABLE `user_copy` DISABLE KEYS */;
INSERT INTO `user_copy` VALUES (2,'0'),(3,'0'),(5,'1'),(6,'0'),(7,'0'),(8,'0');
/*!40000 ALTER TABLE `user_copy` ENABLE KEYS */;
UNLOCK TABLES;

--
-- Table structure for table `user_copy_copy`
--

DROP TABLE IF EXISTS `user_copy_copy`;
/*!40101 SET @saved_cs_client     = @@character_set_client */;
/*!40101 SET character_set_client = utf8 */;
CREATE TABLE `user_copy_copy` (
  `iduser_copy_copy` int(11) NOT NULL,
  `del_flag` varchar(45) COLLATE utf8_bin DEFAULT NULL,
  PRIMARY KEY (`iduser_copy_copy`)
) ENGINE=InnoDB DEFAULT CHARSET=utf8 COLLATE=utf8_bin;
/*!40101 SET character_set_client = @saved_cs_client */;

--
-- Dumping data for table `user_copy_copy`
--

LOCK TABLES `user_copy_copy` WRITE;
/*!40000 ALTER TABLE `user_copy_copy` DISABLE KEYS */;
INSERT INTO `user_copy_copy` VALUES (2,'0'),(3,'0'),(5,'1'),(6,'0'),(7,'0'),(8,'0');
/*!40000 ALTER TABLE `user_copy_copy` ENABLE KEYS */;
UNLOCK TABLES;

--
-- Table structure for table `user_system_role`
--

DROP TABLE IF EXISTS `user_system_role`;
/*!40101 SET @saved_cs_client     = @@character_set_client */;
/*!40101 SET character_set_client = utf8 */;
CREATE TABLE `user_system_role` (
  `user_id` bigint(20) NOT NULL COMMENT '用户表ID',
  `role_code` varchar(64) NOT NULL COMMENT '系统角色标识',
  PRIMARY KEY (`user_id`,`role_code`)
) ENGINE=InnoDB DEFAULT CHARSET=utf8 ROW_FORMAT=COMPACT COMMENT='系统管理员角色权限表';
/*!40101 SET character_set_client = @saved_cs_client */;

--
-- Dumping data for table `user_system_role`
--

LOCK TABLES `user_system_role` WRITE;
/*!40000 ALTER TABLE `user_system_role` DISABLE KEYS */;
INSERT INTO `user_system_role` VALUES (1,'system_admin');
/*!40000 ALTER TABLE `user_system_role` ENABLE KEYS */;
UNLOCK TABLES;

--
-- Table structure for table `user_teant`
--

DROP TABLE IF EXISTS `user_teant`;
/*!40101 SET @saved_cs_client     = @@character_set_client */;
/*!40101 SET character_set_client = utf8 */;
CREATE TABLE `user_teant` (
  `user_id` bigint(20) NOT NULL COMMENT '用户表ID',
  `tenant_id` bigint(20) NOT NULL COMMENT '租户表ID',
  PRIMARY KEY (`user_id`,`tenant_id`),
  KEY `tenant_id` (`tenant_id`) USING BTREE
) ENGINE=InnoDB DEFAULT CHARSET=utf8 ROW_FORMAT=COMPACT COMMENT='用户租户表';
/*!40101 SET character_set_client = @saved_cs_client */;

--
-- Dumping data for table `user_teant`
--

LOCK TABLES `user_teant` WRITE;
/*!40000 ALTER TABLE `user_teant` DISABLE KEYS */;
INSERT INTO `user_teant` VALUES (2,1),(3,1),(5,1),(6,1),(7,1),(8,1),(1,2);
/*!40000 ALTER TABLE `user_teant` ENABLE KEYS */;
UNLOCK TABLES;

--
-- Table structure for table `user_tenant_role`
--

DROP TABLE IF EXISTS `user_tenant_role`;
/*!40101 SET @saved_cs_client     = @@character_set_client */;
/*!40101 SET character_set_client = utf8 */;
CREATE TABLE `user_tenant_role` (
  `user_id` bigint(20) NOT NULL COMMENT '用户表ID',
  `tenant_id` bigint(20) NOT NULL DEFAULT '0' COMMENT '租户ID',
  `role_code` varchar(64) NOT NULL COMMENT '角色标识',
  PRIMARY KEY (`user_id`,`tenant_id`,`role_code`),
  KEY `tenant_id` (`tenant_id`) USING BTREE,
  KEY `user_tenant_id` (`user_id`,`tenant_id`) USING BTREE
) ENGINE=InnoDB DEFAULT CHARSET=utf8 ROW_FORMAT=COMPACT COMMENT='用户在租户中角色权限表';
/*!40101 SET character_set_client = @saved_cs_client */;

--
-- Dumping data for table `user_tenant_role`
--

LOCK TABLES `user_tenant_role` WRITE;
/*!40000 ALTER TABLE `user_tenant_role` DISABLE KEYS */;
INSERT INTO `user_tenant_role` VALUES (1,1,'tenant_dev'),(2,1,'tenant_admin'),(3,1,'tenant_dev'),(5,1,'tenant_dev'),(6,1,'tenant_dev'),(7,1,'tenant_dev'),(8,1,'tenant_dev');
/*!40000 ALTER TABLE `user_tenant_role` ENABLE KEYS */;
UNLOCK TABLES;
/*!40103 SET TIME_ZONE=@OLD_TIME_ZONE */;

/*!40101 SET SQL_MODE=@OLD_SQL_MODE */;
/*!40014 SET FOREIGN_KEY_CHECKS=@OLD_FOREIGN_KEY_CHECKS */;
/*!40014 SET UNIQUE_CHECKS=@OLD_UNIQUE_CHECKS */;
/*!40101 SET CHARACTER_SET_CLIENT=@OLD_CHARACTER_SET_CLIENT */;
/*!40101 SET CHARACTER_SET_RESULTS=@OLD_CHARACTER_SET_RESULTS */;
/*!40101 SET COLLATION_CONNECTION=@OLD_COLLATION_CONNECTION */;
/*!40111 SET SQL_NOTES=@OLD_SQL_NOTES */;

-- Dump completed on 2018-05-02 18:40:15
